시군명,농장명,축종명,상세구분,사육두수(마리),소재지지번주소,WGS84위도,WGS84경도,조사날짜,감염날짜,coord_precision
음성군,-,닭,육계,55000.0,충청북도 음성군 소이면 중동리 371번지 2호,36.8924657690638,127.777687218808,2021-01-31,2020-12-08,approx_address_dong
음성군,건영농장,오리,,12000.0,충청북도 음성군 맹동면 마산리 388번지 1호,36.9366494962001,127.554983736816,2021-01-31,2021-01-14,exact
음성군,기흥농장,닭,종계/산란계,21000.0,충청북도 음성군 생극면 송곡리 417번지 6호,37.0572448189202,127.590531258944,2021-01-31,2020-12-08,approx_address
음성군,낙원농장,오리,,7000.0,충청북도 음성군 대소면 수태리 125번지,36.9401623864557,127.505212643988,2021-01-31,2021-01-14,exact
음성군,농업회사법인 주식회사 에버그린(금왕지점),메추리,,1200000.0,충청북도 음성군 금왕읍 신평리 307번지 외 12필지,36.9918150019303,127.542151677385,2021-01-31,2021-01-19,exact
음성군,농업회사법인(주)동일농장 대소2지점,닭,종계/산란계,40000.0,충청북도 음성군 대소면 삼호리 394번지,36.9558649937714,127.470465006663,2021-01-31,2021-01-14,exact
음성군,농업회사법인주식회사 동일농장,닭,종계/산란계,41000.0,충청북도 음성군 대소면 삼호리 454번지,36.9558649937714,127.470465006663,2021-01-31,2021-01-14,exact
음성군,대길농장,닭,육계,100000.0,충청북도 음성군 맹동면 봉현리 681번지,36.9429594116729,127.540404321725,2021-01-31,2021-01-14,exact
음성군,대동농장,메추리,,40000.0,충청북도 음성군 소이면 금고리 527번지 1호,36.9189677719651,127.746408006928,2021-01-31,2020-12-08,approx_address
음성군,대박농장,닭,육계,45000.0,충청북도 음성군 맹동면 용촌리 69번지,36.9321796421993,127.522512866118,2021-01-31,2021-01-14,exact
음성군,대박제2농장,닭,육계,41000.0,충청북도 음성군 대소면 미곡리 401번지 1호 외1필지,36.9430762737999,127.479618635259,2021-01-31,2021-01-14,exact
음성군,두리농장,오리,,9000.0,충청북도 음성군 맹동면 신돈리 51번지 3호,36.9190966316526,127.526432257216,2021-01-31,2021-01-14,exact
음성군,류봉농장3,닭,육계,56000.0,충청북도 음성군 맹동면 봉현리 200번지 2호 외 1필지(200-1),36.9429594116729,127.540404321725,2021-01-31,2021-01-14,exact
음성군,만석농장,닭,종계/산란계,550.0,충청북도 음성군 원남면 보룡리 86번지,36.8863576495064,127.654918601044,2021-01-31,2021-02-10,exact
음성군,명성농장,오리,,17000.0,충청북도 음성군 맹동면 용촌리 604번지 1호,36.9321796421993,127.522512866118,2021-01-31,2021-01-14,exact
음성군,모란농장,오리,,5500.0,충청북도 음성군 삼성면 청용리 485번지,36.9988702360699,127.468078553507,2021-01-31,2021-01-27,exact
음성군,벧엘농장,닭,종계/산란계,5500.0,충청북도 음성군 생극면 임곡리 34번지 1호,37.0677344986038,127.586664812112,2021-01-31,2020-12-08,approx_address
음성군,복숭아농장,닭,육계,150.0,충청북도 음성군 음성읍 신천리 918번지,36.9214444930346,127.666110336083,2021-01-31,2020-12-08,approx_address
음성군,부광원,오리,,11900.0,"충청북도 음성군 맹동면 용촌리 200번지 5호 외 2필지(200-35, 200-39)",36.9321796421993,127.522512866118,2021-01-31,2021-01-14,exact
음성군,부윤2농장,오리,,15000.0,"충청북도 음성군 대소면 수태리 122번지 외 2필지(123, 124)",36.9401623864557,127.505212643988,2021-01-31,2021-01-14,exact
음성군,부윤농장,오리,,7000.0,충청북도 음성군 대소면 부윤리 산 73번지,36.9436440084619,127.51862789133,2021-01-31,2020-12-08,approx_address
음성군,삼용농장,오리,,12000.0,충청북도 음성군 원남면 삼용리 284번지,36.8890149719747,127.608188578834,2021-01-31,2020-12-08,approx_address
음성군,삼원농장 1,오리,,8800.0,충청북도 음성군 맹동면 마산리 464번지 외 1필지,36.9366494962001,127.554983736816,2021-01-31,2021-01-14,exact
음성군,상당농장,닭,육계,40000.0,충청북도 음성군 원남면 상당리 475번지 1호,36.8980135073222,127.671848265261,2021-01-31,2020-12-08,approx_address
음성군,상미양계장,닭,육계,50000.0,충청북도 음성군 원남면 마송리 76번지 2호,36.8874226856089,127.670821011094,2021-01-31,2020-12-08,approx_address
음성군,서원농장,닭,육계,80000.0,충청북도 음성군 금왕읍 호산리 925번지,37.0385154808169,127.555732701501,2021-01-31,2020-12-08,approx_address
음성군,석우농장,닭,종계/산란계,200000.0,충청북도 음성군 감곡면 상우리 3번지,37.1248439622571,127.681448183511,2021-01-31,2020-12-08,approx_address
음성군,수농장,오리,,12000.0,충청북도 음성군 대소면 삼정리 764번지 1호,36.9548466701215,127.493143258412,2021-01-31,2021-01-14,exact
음성군,아람농장,닭,육계,50000.0,충청북도 음성군 맹동면 봉현리 278번지,36.9429594116729,127.540404321725,2021-01-31,2021-01-14,exact
음성군,에덴농원,닭,육계,200.0,충청북도 음성군 금왕읍 오선리 390번지,36.9716799175428,127.554396386971,2021-01-31,2020-12-08,approx_address
음성군,열희농장,닭,육계,100000.0,충청북도 음성군 원남면 보천리 198번지,36.8766559022298,127.633957040025,2021-01-31,2020-12-08,approx_address
음성군,왕봉농장,오리,,5000.0,충청북도 음성군 맹동면 봉현리 193번지 5호,36.9429594116729,127.540404321725,2021-01-31,2021-01-14,exact
음성군,용원농장,닭,육계,70000.0,충청북도 음성군 맹동면 봉현리 353번지 외 3필지,36.9429594116729,127.540404321725,2021-01-31,2021-01-14,exact
음성군,우리농장,오리,,10500.0,충청북도 음성군 대소면 미곡리 374번지 3호,36.9430762737999,127.479618635259,2021-01-31,2021-01-14,exact
음성군,이레농장,닭,종계/산란계,8500.0,충청북도 음성군 생극면 임곡리 258번지 1호,37.0631645195913,127.579623600662,2021-01-31,2020-12-08,approx_address_dong
음성군,일승오리농장,오리,,13000.0,충청북도 음성군 금왕읍 각회리 553번지,37.00224867317,127.570960881702,2021-01-31,2020-12-08,approx_address
음성군,자연농장,닭,종계/산란계,15000.0,충청북도 음성군 생극면 임곡리 100번지 4호 외 1필지,37.0641784339882,127.58767286491,2021-01-31,2020-12-08,approx_address
음성군,장수농장,오리,,20000.0,충청북도 음성군 삼성면 천평리 355번지,36.9841153979027,127.504739354853,2021-01-31,2021-01-14,exact
음성군,중원농장,닭,육계,135000.0,충청북도 음성군 금왕읍 오선리 468번지 2호,36.9771376282351,127.555843330057,2021-01-31,2020-12-08,approx_address
음성군,진영농장,닭,종계/산란계,16000.0,충청북도 음성군 삼성면 상곡리 7번지 1호,37.0114524779667,127.45613311285,2021-01-31,2020-12-08,approx_address_dong
음성군,진영농장,닭,종계/산란계,17000.0,충청북도 음성군 삼성면 상곡리 7번지 1호,37.0114524779667,127.45613311285,2021-01-31,2020-12-08,approx_address_dong
음성군,짱구2농장,오리,,20000.0,충청북도 음성군 맹동면 봉현리 694번지,36.9429594116729,127.540404321725,2021-01-31,2021-01-14,exact
음성군,청해농장,오리,,7000.0,충청북도 음성군 삼성면 용대리 155번지,37.0494453179482,127.522515243028,2021-01-31,2021-01-30,exact
음성군,태호농장,오리,,15000.0,충청북도 음성군 맹동면 본성리 401번지 13호 외 2필지,36.9222571041764,127.540989921453,2021-01-31,2021-01-14,exact
음성군,태호농장 2,오리,,9500.0,충청북도 음성군 맹동면 본성리 402번지 2호 외 1필지,36.9222571041764,127.540989921453,2021-01-31,2021-01-14,exact
음성군,한가람농장,닭,육계,30000.0,충청북도 음성군 맹동면 용촌리 604번지,36.9321796421993,127.522512866118,2021-01-31,2021-01-14,exact
음성군,한국오리,오리,,12000.0,"충청북도 음성군 원남면 하노리 208번지 외2필지(208-1,213)",36.9039609440561,127.698006354709,2021-01-31,2021-02-10,exact
음성군,한마음농장,오리,,16000.0,충청북도 음성군 맹동면 마산리 산 21번지 10호,36.91623920248186,127.56943118395604,2021-01-31,2020-12-08,approx_keyword_dong
음성군,한삼농장,오리,,20000.0,충청북도 음성군 금왕읍 유포리 548번지,36.9627026701274,127.547739278689,2021-01-31,2020-12-08,approx_address_dong
음성군,한솔제2농장,닭,종계/산란계,250000.0,충청북도 음성군 원남면 하노리 533번지 2호,36.9039609440561,127.698006354709,2021-01-31,2021-02-10,exact
음성군,한울,닭,육계,105000.0,충청북도 음성군 대소면 부윤리 238번지 외 5필지,36.9472742215967,127.52422358949,2021-01-31,2021-01-14,exact
음성군,해피그린농장,오리,,20000.0,충청북도 음성군 대소면 성본리 596번지 2호 외 3필지,36.966754145297,127.530218911137,2021-01-31,2021-01-14,exact
음성군,형제농장,닭,육계,100000.0,충청북도 음성군 소이면 비산리 963번지,36.9415090450149,127.727711408992,2021-01-31,2020-12-08,approx_address
음성군,형제메추리농장,메추리,,70000.0,충청북도 음성군 원남면 덕정리 194번지,36.8940469033698,127.63409500855,2021-01-31,2021-02-10,exact
음성군,호영오리,오리,,10000.0,충청북도 음성군 대소면 수태리 153번지,36.9401623864557,127.505212643988,2021-01-31,2021-01-14,exact
음성군,-,닭,육계,55000.0,충청북도 음성군 소이면 중동리 371번지 2호,36.8924657690638,127.777687218808,2021-01-31,2020-12-23,approx_address_dong
음성군,기흥농장,닭,종계/산란계,21000.0,충청북도 음성군 생극면 송곡리 417번지 6호,37.0572448189202,127.590531258944,2021-01-31,2020-12-23,approx_address
음성군,대동농장,메추리,,40000.0,충청북도 음성군 소이면 금고리 527번지 1호,36.9189677719651,127.746408006928,2021-01-31,2020-12-23,approx_address
음성군,벧엘농장,닭,종계/산란계,5500.0,충청북도 음성군 생극면 임곡리 34번지 1호,37.0677344986038,127.586664812112,2021-01-31,2020-12-23,approx_address
음성군,복숭아농장,닭,육계,150.0,충청북도 음성군 음성읍 신천리 918번지,36.9214444930346,127.666110336083,2021-01-31,2020-12-23,approx_address
음성군,부윤농장,오리,,7000.0,충청북도 음성군 대소면 부윤리 산 73번지,36.9436440084619,127.51862789133,2021-01-31,2020-12-23,approx_address
음성군,삼용농장,오리,,12000.0,충청북도 음성군 원남면 삼용리 284번지,36.8890149719747,127.608188578834,2021-01-31,2020-12-23,approx_address
음성군,상당농장,닭,육계,40000.0,충청북도 음성군 원남면 상당리 475번지 1호,36.8980135073222,127.671848265261,2021-01-31,2020-12-23,approx_address
음성군,상미양계장,닭,육계,50000.0,충청북도 음성군 원남면 마송리 76번지 2호,36.8874226856089,127.670821011094,2021-01-31,2020-12-23,approx_address
음성군,서원농장,닭,육계,80000.0,충청북도 음성군 금왕읍 호산리 925번지,37.0385154808169,127.555732701501,2021-01-31,2020-12-23,approx_address
음성군,석우농장,닭,종계/산란계,200000.0,충청북도 음성군 감곡면 상우리 3번지,37.1248439622571,127.681448183511,2021-01-31,2020-12-23,approx_address
음성군,에덴농원,닭,육계,200.0,충청북도 음성군 금왕읍 오선리 390번지,36.9716799175428,127.554396386971,2021-01-31,2020-12-23,approx_address
음성군,열희농장,닭,육계,100000.0,충청북도 음성군 원남면 보천리 198번지,36.8766559022298,127.633957040025,2021-01-31,2020-12-23,approx_address
음성군,이레농장,닭,종계/산란계,8500.0,충청북도 음성군 생극면 임곡리 258번지 1호,37.0631645195913,127.579623600662,2021-01-31,2020-12-23,approx_address_dong
음성군,일승오리농장,오리,,13000.0,충청북도 음성군 금왕읍 각회리 553번지,37.00224867317,127.570960881702,2021-01-31,2020-12-23,approx_address
음성군,자연농장,닭,종계/산란계,15000.0,충청북도 음성군 생극면 임곡리 100번지 4호 외 1필지,37.0641784339882,127.58767286491,2021-01-31,2020-12-23,approx_address
음성군,중원농장,닭,육계,135000.0,충청북도 음성군 금왕읍 오선리 468번지 2호,36.9771376282351,127.555843330057,2021-01-31,2020-12-23,approx_address
음성군,진영농장,닭,종계/산란계,16000.0,충청북도 음성군 삼성면 상곡리 7번지 1호,37.0114524779667,127.45613311285,2021-01-31,2020-12-23,approx_address_dong
음성군,진영농장,닭,종계/산란계,17000.0,충청북도 음성군 삼성면 상곡리 7번지 1호,37.0114524779667,127.45613311285,2021-01-31,2020-12-23,approx_address_dong
음성군,한마음농장,오리,,16000.0,충청북도 음성군 맹동면 마산리 산 21번지 10호,36.91623920248186,127.56943118395604,2021-01-31,2020-12-23,approx_keyword_dong
음성군,한삼농장,오리,,20000.0,충청북도 음성군 금왕읍 유포리 548번지,36.9627026701274,127.547739278689,2021-01-31,2020-12-23,approx_address_dong
음성군,형제농장,닭,육계,100000.0,충청북도 음성군 소이면 비산리 963번지,36.9415090450149,127.727711408992,2021-01-31,2020-12-23,approx_address
음성군,-,닭,육계,55000.0,충청북도 음성군 소이면 중동리 371번지 2호,36.8924657690638,127.777687218808,2021-01-31,2021-01-06,approx_address_dong
음성군,기흥농장,닭,종계/산란계,21000.0,충청북도 음성군 생극면 송곡리 417번지 6호,37.0572448189202,127.590531258944,2021-01-31,2021-01-06,approx_address
음성군,대동농장,메추리,,40000.0,충청북도 음성군 소이면 금고리 527번지 1호,36.9189677719651,127.746408006928,2021-01-31,2021-01-06,approx_address
음성군,벧엘농장,닭,종계/산란계,5500.0,충청북도 음성군 생극면 임곡리 34번지 1호,37.0677344986038,127.586664812112,2021-01-31,2021-01-06,approx_address
음성군,복숭아농장,닭,육계,150.0,충청북도 음성군 음성읍 신천리 918번지,36.9214444930346,127.666110336083,2021-01-31,2021-01-06,approx_address
음성군,부윤농장,오리,,7000.0,충청북도 음성군 대소면 부윤리 산 73번지,36.9436440084619,127.51862789133,2021-01-31,2021-01-06,approx_address
음성군,삼용농장,오리,,12000.0,충청북도 음성군 원남면 삼용리 284번지,36.8890149719747,127.608188578834,2021-01-31,2021-01-06,approx_address
음성군,상당농장,닭,육계,40000.0,충청북도 음성군 원남면 상당리 475번지 1호,36.8980135073222,127.671848265261,2021-01-31,2021-01-06,approx_address
음성군,상미양계장,닭,육계,50000.0,충청북도 음성군 원남면 마송리 76번지 2호,36.8874226856089,127.670821011094,2021-01-31,2021-01-06,approx_address
음성군,서원농장,닭,육계,80000.0,충청북도 음성군 금왕읍 호산리 925번지,37.0385154808169,127.555732701501,2021-01-31,2021-01-06,approx_address
음성군,석우농장,닭,종계/산란계,200000.0,충청북도 음성군 감곡면 상우리 3번지,37.1248439622571,127.681448183511,2021-01-31,2021-01-06,approx_address
음성군,에덴농원,닭,육계,200.0,충청북도 음성군 금왕읍 오선리 390번지,36.9716799175428,127.554396386971,2021-01-31,2021-01-06,approx_address
음성군,열희농장,닭,육계,100000.0,충청북도 음성군 원남면 보천리 198번지,36.8766559022298,127.633957040025,2021-01-31,2021-01-06,approx_address
음성군,이레농장,닭,종계/산란계,8500.0,충청북도 음성군 생극면 임곡리 258번지 1호,37.0631645195913,127.579623600662,2021-01-31,2021-01-06,approx_address_dong
음성군,일승오리농장,오리,,13000.0,충청북도 음성군 금왕읍 각회리 553번지,37.00224867317,127.570960881702,2021-01-31,2021-01-06,approx_address
음성군,자연농장,닭,종계/산란계,15000.0,충청북도 음성군 생극면 임곡리 100번지 4호 외 1필지,37.0641784339882,127.58767286491,2021-01-31,2021-01-06,approx_address
음성군,중원농장,닭,육계,135000.0,충청북도 음성군 금왕읍 오선리 468번지 2호,36.9771376282351,127.555843330057,2021-01-31,2021-01-06,approx_address
음성군,진영농장,닭,종계/산란계,16000.0,충청북도 음성군 삼성면 상곡리 7번지 1호,37.0114524779667,127.45613311285,2021-01-31,2021-01-06,approx_address_dong
음성군,진영농장,닭,종계/산란계,17000.0,충청북도 음성군 삼성면 상곡리 7번지 1호,37.0114524779667,127.45613311285,2021-01-31,2021-01-06,approx_address_dong
음성군,한마음농장,오리,,16000.0,충청북도 음성군 맹동면 마산리 산 21번지 10호,36.91623920248186,127.56943118395604,2021-01-31,2021-01-06,approx_keyword_dong
음성군,한삼농장,오리,,20000.0,충청북도 음성군 금왕읍 유포리 548번지,36.9627026701274,127.547739278689,2021-01-31,2021-01-06,approx_address_dong
음성군,형제농장,닭,육계,100000.0,충청북도 음성군 소이면 비산리 963번지,36.9415090450149,127.727711408992,2021-01-31,2021-01-06,approx_address
음성군,-,닭,육계,55000.0,충청북도 음성군 소이면 중동리 371번지 2호,36.8924657690638,127.777687218808,2021-01-31,2021-01-14,approx_address_dong
음성군,기흥농장,닭,종계/산란계,21000.0,충청북도 음성군 생극면 송곡리 417번지 6호,37.0572448189202,127.590531258944,2021-01-31,2021-01-14,approx_address
음성군,대동농장,메추리,,40000.0,충청북도 음성군 소이면 금고리 527번지 1호,36.9189677719651,127.746408006928,2021-01-31,2021-01-14,approx_address
음성군,벧엘농장,닭,종계/산란계,5500.0,충청북도 음성군 생극면 임곡리 34번지 1호,37.0677344986038,127.586664812112,2021-01-31,2021-01-14,approx_address
음성군,복숭아농장,닭,육계,150.0,충청북도 음성군 음성읍 신천리 918번지,36.9214444930346,127.666110336083,2021-01-31,2021-01-14,approx_address
음성군,부윤농장,오리,,7000.0,충청북도 음성군 대소면 부윤리 산 73번지,36.9436440084619,127.51862789133,2021-01-31,2021-01-14,approx_address
음성군,삼용농장,오리,,12000.0,충청북도 음성군 원남면 삼용리 284번지,36.8890149719747,127.608188578834,2021-01-31,2021-01-14,approx_address
음성군,상당농장,닭,육계,40000.0,충청북도 음성군 원남면 상당리 475번지 1호,36.8980135073222,127.671848265261,2021-01-31,2021-01-14,approx_address
음성군,상미양계장,닭,육계,50000.0,충청북도 음성군 원남면 마송리 76번지 2호,36.8874226856089,127.670821011094,2021-01-31,2021-01-14,approx_address
음성군,서원농장,닭,육계,80000.0,충청북도 음성군 금왕읍 호산리 925번지,37.0385154808169,127.555732701501,2021-01-31,2021-01-14,approx_address
음성군,석우농장,닭,종계/산란계,200000.0,충청북도 음성군 감곡면 상우리 3번지,37.1248439622571,127.681448183511,2021-01-31,2021-01-14,approx_address
음성군,에덴농원,닭,육계,200.0,충청북도 음성군 금왕읍 오선리 390번지,36.9716799175428,127.554396386971,2021-01-31,2021-01-14,approx_address
음성군,열희농장,닭,육계,100000.0,충청북도 음성군 원남면 보천리 198번지,36.8766559022298,127.633957040025,2021-01-31,2021-01-14,approx_address
음성군,이레농장,닭,종계/산란계,8500.0,충청북도 음성군 생극면 임곡리 258번지 1호,37.0631645195913,127.579623600662,2021-01-31,2021-01-14,approx_address_dong
음성군,일승오리농장,오리,,13000.0,충청북도 음성군 금왕읍 각회리 553번지,37.00224867317,127.570960881702,2021-01-31,2021-01-14,approx_address
음성군,자연농장,닭,종계/산란계,15000.0,충청북도 음성군 생극면 임곡리 100번지 4호 외 1필지,37.0641784339882,127.58767286491,2021-01-31,2021-01-14,approx_address
음성군,중원농장,닭,육계,135000.0,충청북도 음성군 금왕읍 오선리 468번지 2호,36.9771376282351,127.555843330057,2021-01-31,2021-01-14,approx_address
음성군,진영농장,닭,종계/산란계,16000.0,충청북도 음성군 삼성면 상곡리 7번지 1호,37.0114524779667,127.45613311285,2021-01-31,2021-01-14,approx_address_dong
음성군,진영농장,닭,종계/산란계,17000.0,충청북도 음성군 삼성면 상곡리 7번지 1호,37.0114524779667,127.45613311285,2021-01-31,2021-01-14,approx_address_dong
음성군,한마음농장,오리,,16000.0,충청북도 음성군 맹동면 마산리 산 21번지 10호,36.91623920248186,127.56943118395604,2021-01-31,2021-01-14,approx_keyword_dong
음성군,한삼농장,오리,,20000.0,충청북도 음성군 금왕읍 유포리 548번지,36.9627026701274,127.547739278689,2021-01-31,2021-01-14,approx_address_dong
음성군,형제농장,닭,육계,100000.0,충청북도 음성군 소이면 비산리 963번지,36.9415090450149,127.727711408992,2021-01-31,2021-01-14,approx_address
음성군,-,닭,육계,55000.0,충청북도 음성군 소이면 중동리 371번지 2호,36.8924657690638,127.777687218808,2021-01-31,2021-01-19,approx_address_dong
음성군,기흥농장,닭,종계/산란계,21000.0,충청북도 음성군 생극면 송곡리 417번지 6호,37.0572448189202,127.590531258944,2021-01-31,2021-01-19,approx_address
음성군,대동농장,메추리,,40000.0,충청북도 음성군 소이면 금고리 527번지 1호,36.9189677719651,127.746408006928,2021-01-31,2021-01-19,approx_address
음성군,벧엘농장,닭,종계/산란계,5500.0,충청북도 음성군 생극면 임곡리 34번지 1호,37.0677344986038,127.586664812112,2021-01-31,2021-01-19,approx_address
음성군,복숭아농장,닭,육계,150.0,충청북도 음성군 음성읍 신천리 918번지,36.9214444930346,127.666110336083,2021-01-31,2021-01-19,approx_address
음성군,부윤농장,오리,,7000.0,충청북도 음성군 대소면 부윤리 산 73번지,36.9436440084619,127.51862789133,2021-01-31,2021-01-19,approx_address
음성군,삼용농장,오리,,12000.0,충청북도 음성군 원남면 삼용리 284번지,36.8890149719747,127.608188578834,2021-01-31,2021-01-19,approx_address
음성군,상당농장,닭,육계,40000.0,충청북도 음성군 원남면 상당리 475번지 1호,36.8980135073222,127.671848265261,2021-01-31,2021-01-19,approx_address
음성군,상미양계장,닭,육계,50000.0,충청북도 음성군 원남면 마송리 76번지 2호,36.8874226856089,127.670821011094,2021-01-31,2021-01-19,approx_address
음성군,서원농장,닭,육계,80000.0,충청북도 음성군 금왕읍 호산리 925번지,37.0385154808169,127.555732701501,2021-01-31,2021-01-19,approx_address
음성군,석우농장,닭,종계/산란계,200000.0,충청북도 음성군 감곡면 상우리 3번지,37.1248439622571,127.681448183511,2021-01-31,2021-01-19,approx_address
음성군,에덴농원,닭,육계,200.0,충청북도 음성군 금왕읍 오선리 390번지,36.9716799175428,127.554396386971,2021-01-31,2021-01-19,approx_address
음성군,열희농장,닭,육계,100000.0,충청북도 음성군 원남면 보천리 198번지,36.8766559022298,127.633957040025,2021-01-31,2021-01-19,approx_address
음성군,이레농장,닭,종계/산란계,8500.0,충청북도 음성군 생극면 임곡리 258번지 1호,37.0631645195913,127.579623600662,2021-01-31,2021-01-19,approx_address_dong
음성군,일승오리농장,오리,,13000.0,충청북도 음성군 금왕읍 각회리 553번지,37.00224867317,127.570960881702,2021-01-31,2021-01-19,approx_address
음성군,자연농장,닭,종계/산란계,15000.0,충청북도 음성군 생극면 임곡리 100번지 4호 외 1필지,37.0641784339882,127.58767286491,2021-01-31,2021-01-19,approx_address
음성군,중원농장,닭,육계,135000.0,충청북도 음성군 금왕읍 오선리 468번지 2호,36.9771376282351,127.555843330057,2021-01-31,2021-01-19,approx_address
음성군,진영농장,닭,종계/산란계,16000.0,충청북도 음성군 삼성면 상곡리 7번지 1호,37.0114524779667,127.45613311285,2021-01-31,2021-01-19,approx_address_dong
음성군,진영농장,닭,종계/산란계,17000.0,충청북도 음성군 삼성면 상곡리 7번지 1호,37.0114524779667,127.45613311285,2021-01-31,2021-01-19,approx_address_dong
음성군,한마음농장,오리,,16000.0,충청북도 음성군 맹동면 마산리 산 21번지 10호,36.91623920248186,127.56943118395604,2021-01-31,2021-01-19,approx_keyword_dong
음성군,한삼농장,오리,,20000.0,충청북도 음성군 금왕읍 유포리 548번지,36.9627026701274,127.547739278689,2021-01-31,2021-01-19,approx_address_dong
음성군,형제농장,닭,육계,100000.0,충청북도 음성군 소이면 비산리 963번지,36.9415090450149,127.727711408992,2021-01-31,2021-01-19,approx_address
음성군,-,닭,육계,55000.0,충청북도 음성군 소이면 중동리 371번지 2호,36.8924657690638,127.777687218808,2021-01-31,2021-02-10,approx_address_dong
음성군,기흥농장,닭,종계/산란계,21000.0,충청북도 음성군 생극면 송곡리 417번지 6호,37.0572448189202,127.590531258944,2021-01-31,2021-02-10,approx_address
음성군,대동농장,메추리,,40000.0,충청북도 음성군 소이면 금고리 527번지 1호,36.9189677719651,127.746408006928,2021-01-31,2021-02-10,approx_address
음성군,벧엘농장,닭,종계/산란계,5500.0,충청북도 음성군 생극면 임곡리 34번지 1호,37.0677344986038,127.586664812112,2021-01-31,2021-02-10,approx_address
음성군,복숭아농장,닭,육계,150.0,충청북도 음성군 음성읍 신천리 918번지,36.9214444930346,127.666110336083,2021-01-31,2021-02-10,approx_address
음성군,부윤농장,오리,,7000.0,충청북도 음성군 대소면 부윤리 산 73번지,36.9436440084619,127.51862789133,2021-01-31,2021-02-10,approx_address
음성군,삼용농장,오리,,12000.0,충청북도 음성군 원남면 삼용리 284번지,36.8890149719747,127.608188578834,2021-01-31,2021-02-10,approx_address
음성군,상당농장,닭,육계,40000.0,충청북도 음성군 원남면 상당리 475번지 1호,36.8980135073222,127.671848265261,2021-01-31,2021-02-10,approx_address
음성군,상미양계장,닭,육계,50000.0,충청북도 음성군 원남면 마송리 76번지 2호,36.8874226856089,127.670821011094,2021-01-31,2021-02-10,approx_address
음성군,서원농장,닭,육계,80000.0,충청북도 음성군 금왕읍 호산리 925번지,37.0385154808169,127.555732701501,2021-01-31,2021-02-10,approx_address
음성군,석우농장,닭,종계/산란계,200000.0,충청북도 음성군 감곡면 상우리 3번지,37.1248439622571,127.681448183511,2021-01-31,2021-02-10,approx_address
음성군,에덴농원,닭,육계,200.0,충청북도 음성군 금왕읍 오선리 390번지,36.9716799175428,127.554396386971,2021-01-31,2021-02-10,approx_address
음성군,열희농장,닭,육계,100000.0,충청북도 음성군 원남면 보천리 198번지,36.8766559022298,127.633957040025,2021-01-31,2021-02-10,approx_address
음성군,이레농장,닭,종계/산란계,8500.0,충청북도 음성군 생극면 임곡리 258번지 1호,37.0631645195913,127.579623600662,2021-01-31,2021-02-10,approx_address_dong
음성군,일승오리농장,오리,,13000.0,충청북도 음성군 금왕읍 각회리 553번지,37.00224867317,127.570960881702,2021-01-31,2021-02-10,approx_address
음성군,자연농장,닭,종계/산란계,15000.0,충청북도 음성군 생극면 임곡리 100번지 4호 외 1필지,37.0641784339882,127.58767286491,2021-01-31,2021-02-10,approx_address
음성군,중원농장,닭,육계,135000.0,충청북도 음성군 금왕읍 오선리 468번지 2호,36.9771376282351,127.555843330057,2021-01-31,2021-02-10,approx_address
음성군,진영농장,닭,종계/산란계,16000.0,충청북도 음성군 삼성면 상곡리 7번지 1호,37.0114524779667,127.45613311285,2021-01-31,2021-02-10,approx_address_dong
음성군,진영농장,닭,종계/산란계,17000.0,충청북도 음성군 삼성면 상곡리 7번지 1호,37.0114524779667,127.45613311285,2021-01-31,2021-02-10,approx_address_dong
음성군,한마음농장,오리,,16000.0,충청북도 음성군 맹동면 마산리 산 21번지 10호,36.91623920248186,127.56943118395604,2021-01-31,2021-02-10,approx_keyword_dong
음성군,한삼농장,오리,,20000.0,충청북도 음성군 금왕읍 유포리 548번지,36.9627026701274,127.547739278689,2021-01-31,2021-02-10,approx_address_dong
음성군,형제농장,닭,육계,100000.0,충청북도 음성군 소이면 비산리 963번지,36.9415090450149,127.727711408992,2021-01-31,2021-02-10,approx_address
음성군,개나리농장,닭,육계,60000.0,충청북도 음성군 금왕읍 내송리 301번지,36.9935390887351,127.565071034554,2022-02-07,2021-11-22,exact
음성군,건영농장 2,오리,,5000.0,충청북도 음성군 맹동면 마산리 425번지,36.9366494962001,127.554983736816,2022-02-07,2022-02-08,exact
음성군,골든팜,닭,육계,70000.0,충청북도 음성군 맹동면 용촌리 775번지,36.9321796421993,127.522512866118,2022-02-07,2022-02-08,exact
음성군,기쁨농장,닭,육계,40000.0,충청북도 음성군 금왕읍 봉곡리 141번지 1호,36.9620723228754,127.577324779871,2022-02-07,2021-11-10,approx_address_dong
음성군,남율농장,닭,육계,50000.0,충청북도 음성군 소이면 문등리 196번지 외 2필지,36.9078530716869,127.787206465525,2022-02-07,2021-11-10,approx_address_single_parcel
음성군,농업회사법인 (주) 조하 삼성지점,닭,종계/산란계,255381.0,충청북도 음성군 삼성면 능산리 360번지 1호,37.0362467833446,127.532185338097,2022-02-07,2021-11-22,exact
음성군,농업회사법인 주식회사 에버그린(금왕지점),메추리,,1084800.0,충청북도 음성군 금왕읍 신평리 307번지 외 12필지,36.9918150019303,127.542151677385,2022-02-07,2022-01-22,exact
음성군,농업회사법인(주)동일농장 삼성지점,닭,종계/산란계,15000.0,충청북도 음성군 삼성면 대정리 562번지,37.0287798645394,127.519734828122,2022-02-07,2021-11-22,exact
음성군,농업회사법인(주)동일농장 생극지점,닭,종계/산란계,30200.0,충청북도 음성군 생극면 팔성리 520번지 1호,37.043637506303,127.583872485458,2022-02-07,2021-11-10,approx_address_dong
음성군,농업회사법인주식회사알부자,닭,종계/산란계,32000.0,충청북도 음성군 원남면 하노리 208번지 외2필지,36.9039609440561,127.698006354709,2022-02-07,2021-02-18,exact
음성군,대성농장,닭,육계,50000.0,충청북도 음성군 금왕읍 본대리 29번지,36.9845088550495,127.526186235014,2022-02-07,2022-01-22,exact
음성군,대성농장 2농장,닭,육계,70000.0,충청북도 음성군 맹동면 마산리 290번지,36.9366494962001,127.554983736816,2022-02-07,2022-02-08,exact
음성군,대진양계장,닭,육계,45000.0,충청북도 음성군 원남면 문암리 502번지,36.8477575566204,127.628222137602,2022-02-07,2021-11-10,approx_address
음성군,덕동오리농장,오리,,6500.0,충청북도 음성군 금왕읍 각회리 537번지,37.0034693205169,127.57006762785,2022-02-07,2021-11-10,approx_address
음성군,두재농장,오리,,18000.0,충청북도 음성군 삼성면 청용리 489번지 3호,36.9988702360699,127.468078553507,2022-02-07,2022-02-02,exact
음성군,류가네농장,오리,,7200.0,충청북도 음성군 맹동면 봉현리 300번지 2호,36.9429594116729,127.540404321725,2022-02-07,2022-02-08,exact
음성군,류봉농장,오리,,7000.0,충청북도 음성군 맹동면 봉현리 463번지 5호,36.9429594116729,127.540404321725,2022-02-07,2022-02-08,exact
음성군,류봉농장3,닭,육계,56000.0,충청북도 음성군 맹동면 봉현리 200번지 2호 외 1필지,36.9429594116729,127.540404321725,2022-02-07,2022-02-08,exact
음성군,매봉농장,오리,,20000.0,충청북도 음성군 금왕읍 본대리 산 7번지 4호,36.9863427706465,127.536083773134,2022-02-07,2021-11-10,approx_address
음성군,미곡농장,닭,육계,56000.0,충청북도 음성군 대소면 미곡리 402번지,36.9430762737999,127.479618635259,2022-02-07,2022-02-08,exact
음성군,민섭민준이네농장,닭,육계,55000.0,충청북도 음성군 맹동면 용촌리 604번지,36.9321796421993,127.522512866118,2022-02-07,2022-02-08,exact
음성군,민지농장,닭,육계,46000.0,충청북도 음성군 맹동면 봉현리 706번지 외 1필지,36.9429594116729,127.540404321725,2022-02-07,2022-02-08,exact
음성군,벧엘농장,닭,육계,50000.0,충청북도 음성군 삼성면 청용리 271번지,36.9988702360699,127.468078553507,2022-02-07,2022-02-02,exact
음성군,벧엘농장,닭,종계/산란계,27576.0,충청북도 음성군 생극면 임곡리 34번지 1호,37.0677344986038,127.586664812112,2022-02-07,2021-11-10,approx_address
음성군,보람농장,닭,육계,26000.0,충청북도 음성군 대소면 부윤리 248번지,36.9472742215967,127.52422358949,2022-02-07,2022-02-08,exact
음성군,부광원,오리,,11900.0,충청북도 음성군 맹동면 용촌리 200번지 5호 외 2필지,36.9321796421993,127.522512866118,2022-02-07,2022-02-08,exact
음성군,삼원농장,닭,종계/산란계,77000.0,충청북도 음성군 소이면 충도리 502번지,36.8849464017763,127.728416228625,2022-02-07,2021-11-10,approx_address
음성군,새봉암농장,오리,,9000.0,충청북도 음성군 맹동면 봉현리 504번지,36.9429594116729,127.540404321725,2022-02-07,2022-02-08,exact
음성군,서당골오리농장,오리,,24000.0,충청북도 음성군 맹동면 봉현리 471번지,36.9429594116729,127.540404321725,2022-02-07,2022-02-08,exact
음성군,석우농장,닭,산란중추,218016.0,충청북도 음성군 감곡면 상우리 3번지,37.1248439622571,127.681448183511,2022-02-07,2021-11-10,approx_address
음성군,성은농장,닭,육계,40000.0,충청북도 음성군 감곡면 상평리 520번지,37.0686020049075,127.630064710295,2022-02-07,2021-11-10,approx_address
음성군,세움팜스,닭,육계,130000.0,충청북도 음성군 대소면 수태리 125번지 외 8필지,36.9401623864557,127.505212643988,2022-02-07,2022-02-08,exact
음성군,솔그린농장,닭,육계,50000.0,충청북도 음성군 감곡면 문촌리 448번지 3호 외 4필지,37.1208514757822,127.700226789905,2022-02-07,2021-02-23,exact
음성군,신우농장,오리,,10000.0,충청북도 음성군 맹동면 봉현리 693번지,36.9429594116729,127.540404321725,2022-02-07,2022-02-08,exact
음성군,안골농장,닭,육계,85000.0,충청북도 음성군 삼성면 대정리 553번지 외 2필지,37.0287798645394,127.519734828122,2022-02-07,2021-11-22,exact
음성군,알부자제2농장,닭,종계/산란계,60000.0,충청북도 음성군 금왕읍 용계리 413번지,36.9779512934042,127.580398491845,2022-02-07,2021-11-10,approx_address
음성군,왕봉농장,닭,육계,20000.0,충청북도 음성군 맹동면 봉현리 193번지 5호,36.9429594116729,127.540404321725,2022-02-07,2022-02-08,exact
음성군,월연농장,닭,종계/산란계,350000.0,충청북도 음성군 생극면 임곡리 145번지,37.0608702896849,127.588307777765,2022-02-07,2021-11-10,approx_address
음성군,육일농장,닭,종계/산란계,50.0,충청북도 음성군 삼성면 양덕리 421번지,37.0187733023284,127.486123172486,2022-02-07,2021-11-10,approx_address
음성군,음성농장,닭,육계,12500.0,충청북도 음성군 원남면 하당리 462번지,36.903763372237,127.675870605205,2022-02-07,2021-11-10,approx_address
음성군,음성농촌관광농원,닭,육계,6.0,충청북도 음성군 원남면 구안리 168번지,36.8818800414638,127.707837169569,2022-02-07,2021-11-10,approx_address
음성군,장군농장,오리,,10000.0,충청북도 음성군 대소면 수태리 153번지 154,36.9401623864557,127.505212643988,2022-02-07,2022-02-08,exact
음성군,정우농장 2,닭,육계,110000.0,충청북도 음성군 삼성면 대야리 428번지,37.0396522460842,127.495143323103,2022-02-07,2021-11-10,approx_address
음성군,준희농장,닭,육계,80000.0,충청북도 음성군 맹동면 봉현리 695번지,36.9429594116729,127.540404321725,2022-02-07,2022-02-08,exact
음성군,중부농장,오리,,10000.0,충청북도 음성군 맹동면 마산리 530번지 2호,36.9366494962001,127.554983736816,2022-02-07,2022-02-08,exact
음성군,진영농장,닭,종계/산란계,48600.0,충청북도 음성군 삼성면 상곡리 7번지 1호,37.0114524779667,127.45613311285,2022-02-07,2021-11-10,approx_address_dong
음성군,파랑새농장,닭,육계,40000.0,충청북도 음성군 대소면 미곡리 122번지 외 1필지,36.9430762737999,127.479618635259,2022-02-07,2022-02-08,exact
음성군,한빛타조농장,타조,,53.0,충청북도 음성군 맹동면 봉현리 300번지 외 1필지(250번지),36.9429594116729,127.540404321725,2022-02-07,2022-02-08,exact
음성군,한서농장,닭,육계,40000.0,충청북도 음성군 금왕읍 호산리 11번지,37.0416739653109,127.562771125582,2022-02-07,2021-11-10,approx_address
음성군,한울,닭,육계,105000.0,충청북도 음성군 대소면 부윤리 260번지,36.9472742215967,127.52422358949,2022-02-07,2022-02-08,exact
음성군,현일농장,오리,,4000.0,충청북도 음성군 대소면 부윤리 330번지,36.9472742215967,127.52422358949,2022-02-07,2022-02-08,exact
음성군,형제농장,닭,육계,100000.0,충청북도 음성군 소이면 비산리 963번지 외 4필지,36.9415090450149,127.727711408992,2022-02-07,2021-11-10,approx_address_single_parcel
음성군,홍백농장,닭,육계,53000.0,충청북도 음성군 금왕읍 사창리 423번지 1호,37.0093100951407,127.529399781033,2022-02-07,2021-11-10,approx_address_dong
음성군,황금농장,닭,육계,55000.0,충청북도 음성군 소이면 중동리 371번지 2호,36.8924657690638,127.777687218808,2022-02-07,2021-11-10,approx_address_dong
음성군,기쁨농장,닭,육계,40000.0,충청북도 음성군 금왕읍 봉곡리 141번지 1호,36.9620723228754,127.577324779871,2022-02-07,2021-11-11,approx_address_dong
음성군,남율농장,닭,육계,50000.0,충청북도 음성군 소이면 문등리 196번지 외 2필지,36.9078530716869,127.787206465525,2022-02-07,2021-11-11,approx_address_single_parcel
음성군,농업회사법인(주)동일농장 생극지점,닭,종계/산란계,30200.0,충청북도 음성군 생극면 팔성리 520번지 1호,37.043637506303,127.583872485458,2022-02-07,2021-11-11,approx_address_dong
음성군,대진양계장,닭,육계,45000.0,충청북도 음성군 원남면 문암리 502번지,36.8477575566204,127.628222137602,2022-02-07,2021-11-11,approx_address
음성군,덕동오리농장,오리,,6500.0,충청북도 음성군 금왕읍 각회리 537번지,37.0034693205169,127.57006762785,2022-02-07,2021-11-11,approx_address
음성군,매봉농장,오리,,20000.0,충청북도 음성군 금왕읍 본대리 산 7번지 4호,36.9863427706465,127.536083773134,2022-02-07,2021-11-11,approx_address
음성군,벧엘농장,닭,종계/산란계,27576.0,충청북도 음성군 생극면 임곡리 34번지 1호,37.0677344986038,127.586664812112,2022-02-07,2021-11-11,approx_address
음성군,삼원농장,닭,종계/산란계,77000.0,충청북도 음성군 소이면 충도리 502번지,36.8849464017763,127.728416228625,2022-02-07,2021-11-11,approx_address
음성군,석우농장,닭,산란중추,218016.0,충청북도 음성군 감곡면 상우리 3번지,37.1248439622571,127.681448183511,2022-02-07,2021-11-11,approx_address
음성군,성은농장,닭,육계,40000.0,충청북도 음성군 감곡면 상평리 520번지,37.0686020049075,127.630064710295,2022-02-07,2021-11-11,approx_address
음성군,알부자제2농장,닭,종계/산란계,60000.0,충청북도 음성군 금왕읍 용계리 413번지,36.9779512934042,127.580398491845,2022-02-07,2021-11-11,approx_address
음성군,월연농장,닭,종계/산란계,350000.0,충청북도 음성군 생극면 임곡리 145번지,37.0608702896849,127.588307777765,2022-02-07,2021-11-11,approx_address
음성군,육일농장,닭,종계/산란계,50.0,충청북도 음성군 삼성면 양덕리 421번지,37.0187733023284,127.486123172486,2022-02-07,2021-11-11,approx_address
음성군,음성농장,닭,육계,12500.0,충청북도 음성군 원남면 하당리 462번지,36.903763372237,127.675870605205,2022-02-07,2021-11-11,approx_address
음성군,음성농촌관광농원,닭,육계,6.0,충청북도 음성군 원남면 구안리 168번지,36.8818800414638,127.707837169569,2022-02-07,2021-11-11,approx_address
음성군,정우농장 2,닭,육계,110000.0,충청북도 음성군 삼성면 대야리 428번지,37.0396522460842,127.495143323103,2022-02-07,2021-11-11,approx_address
음성군,진영농장,닭,종계/산란계,48600.0,충청북도 음성군 삼성면 상곡리 7번지 1호,37.0114524779667,127.45613311285,2022-02-07,2021-11-11,approx_address_dong
음성군,한서농장,닭,육계,40000.0,충청북도 음성군 금왕읍 호산리 11번지,37.0416739653109,127.562771125582,2022-02-07,2021-11-11,approx_address
음성군,형제농장,닭,육계,100000.0,충청북도 음성군 소이면 비산리 963번지 외 4필지,36.9415090450149,127.727711408992,2022-02-07,2021-11-11,approx_address_single_parcel
음성군,홍백농장,닭,육계,53000.0,충청북도 음성군 금왕읍 사창리 423번지 1호,37.0093100951407,127.529399781033,2022-02-07,2021-11-11,approx_address_dong
음성군,황금농장,닭,육계,55000.0,충청북도 음성군 소이면 중동리 371번지 2호,36.8924657690638,127.777687218808,2022-02-07,2021-11-11,approx_address_dong
음성군,기쁨농장,닭,육계,40000.0,충청북도 음성군 금왕읍 봉곡리 141번지 1호,36.9620723228754,127.577324779871,2022-02-07,2021-11-16,approx_address_dong
음성군,남율농장,닭,육계,50000.0,충청북도 음성군 소이면 문등리 196번지 외 2필지,36.9078530716869,127.787206465525,2022-02-07,2021-11-16,approx_address_single_parcel
음성군,농업회사법인(주)동일농장 생극지점,닭,종계/산란계,30200.0,충청북도 음성군 생극면 팔성리 520번지 1호,37.043637506303,127.583872485458,2022-02-07,2021-11-16,approx_address_dong
음성군,대진양계장,닭,육계,45000.0,충청북도 음성군 원남면 문암리 502번지,36.8477575566204,127.628222137602,2022-02-07,2021-11-16,approx_address
음성군,덕동오리농장,오리,,6500.0,충청북도 음성군 금왕읍 각회리 537번지,37.0034693205169,127.57006762785,2022-02-07,2021-11-16,approx_address
음성군,매봉농장,오리,,20000.0,충청북도 음성군 금왕읍 본대리 산 7번지 4호,36.9863427706465,127.536083773134,2022-02-07,2021-11-16,approx_address
음성군,벧엘농장,닭,종계/산란계,27576.0,충청북도 음성군 생극면 임곡리 34번지 1호,37.0677344986038,127.586664812112,2022-02-07,2021-11-16,approx_address
음성군,삼원농장,닭,종계/산란계,77000.0,충청북도 음성군 소이면 충도리 502번지,36.8849464017763,127.728416228625,2022-02-07,2021-11-16,approx_address
음성군,석우농장,닭,산란중추,218016.0,충청북도 음성군 감곡면 상우리 3번지,37.1248439622571,127.681448183511,2022-02-07,2021-11-16,approx_address
음성군,성은농장,닭,육계,40000.0,충청북도 음성군 감곡면 상평리 520번지,37.0686020049075,127.630064710295,2022-02-07,2021-11-16,approx_address
음성군,알부자제2농장,닭,종계/산란계,60000.0,충청북도 음성군 금왕읍 용계리 413번지,36.9779512934042,127.580398491845,2022-02-07,2021-11-16,approx_address
음성군,월연농장,닭,종계/산란계,350000.0,충청북도 음성군 생극면 임곡리 145번지,37.0608702896849,127.588307777765,2022-02-07,2021-11-16,approx_address
음성군,육일농장,닭,종계/산란계,50.0,충청북도 음성군 삼성면 양덕리 421번지,37.0187733023284,127.486123172486,2022-02-07,2021-11-16,approx_address
음성군,음성농장,닭,육계,12500.0,충청북도 음성군 원남면 하당리 462번지,36.903763372237,127.675870605205,2022-02-07,2021-11-16,approx_address
음성군,음성농촌관광농원,닭,육계,6.0,충청북도 음성군 원남면 구안리 168번지,36.8818800414638,127.707837169569,2022-02-07,2021-11-16,approx_address
음성군,정우농장 2,닭,육계,110000.0,충청북도 음성군 삼성면 대야리 428번지,37.0396522460842,127.495143323103,2022-02-07,2021-11-16,approx_address
음성군,진영농장,닭,종계/산란계,48600.0,충청북도 음성군 삼성면 상곡리 7번지 1호,37.0114524779667,127.45613311285,2022-02-07,2021-11-16,approx_address_dong
음성군,한서농장,닭,육계,40000.0,충청북도 음성군 금왕읍 호산리 11번지,37.0416739653109,127.562771125582,2022-02-07,2021-11-16,approx_address
음성군,형제농장,닭,육계,100000.0,충청북도 음성군 소이면 비산리 963번지 외 4필지,36.9415090450149,127.727711408992,2022-02-07,2021-11-16,approx_address_single_parcel
음성군,홍백농장,닭,육계,53000.0,충청북도 음성군 금왕읍 사창리 423번지 1호,37.0093100951407,127.529399781033,2022-02-07,2021-11-16,approx_address_dong
음성군,황금농장,닭,육계,55000.0,충청북도 음성군 소이면 중동리 371번지 2호,36.8924657690638,127.777687218808,2022-02-07,2021-11-16,approx_address_dong
음성군,기쁨농장,닭,육계,40000.0,충청북도 음성군 금왕읍 봉곡리 141번지 1호,36.9620723228754,127.577324779871,2022-02-07,2021-11-22,approx_address_dong
음성군,남율농장,닭,육계,50000.0,충청북도 음성군 소이면 문등리 196번지 외 2필지,36.9078530716869,127.787206465525,2022-02-07,2021-11-22,approx_address_single_parcel
음성군,농업회사법인(주)동일농장 생극지점,닭,종계/산란계,30200.0,충청북도 음성군 생극면 팔성리 520번지 1호,37.043637506303,127.583872485458,2022-02-07,2021-11-22,approx_address_dong
음성군,대진양계장,닭,육계,45000.0,충청북도 음성군 원남면 문암리 502번지,36.8477575566204,127.628222137602,2022-02-07,2021-11-22,approx_address
음성군,덕동오리농장,오리,,6500.0,충청북도 음성군 금왕읍 각회리 537번지,37.0034693205169,127.57006762785,2022-02-07,2021-11-22,approx_address
음성군,매봉농장,오리,,20000.0,충청북도 음성군 금왕읍 본대리 산 7번지 4호,36.9863427706465,127.536083773134,2022-02-07,2021-11-22,approx_address
음성군,벧엘농장,닭,종계/산란계,27576.0,충청북도 음성군 생극면 임곡리 34번지 1호,37.0677344986038,127.586664812112,2022-02-07,2021-11-22,approx_address
음성군,삼원농장,닭,종계/산란계,77000.0,충청북도 음성군 소이면 충도리 502번지,36.8849464017763,127.728416228625,2022-02-07,2021-11-22,approx_address
음성군,석우농장,닭,산란중추,218016.0,충청북도 음성군 감곡면 상우리 3번지,37.1248439622571,127.681448183511,2022-02-07,2021-11-22,approx_address
음성군,성은농장,닭,육계,40000.0,충청북도 음성군 감곡면 상평리 520번지,37.0686020049075,127.630064710295,2022-02-07,2021-11-22,approx_address
음성군,알부자제2농장,닭,종계/산란계,60000.0,충청북도 음성군 금왕읍 용계리 413번지,36.9779512934042,127.580398491845,2022-02-07,2021-11-22,approx_address
음성군,월연농장,닭,종계/산란계,350000.0,충청북도 음성군 생극면 임곡리 145번지,37.0608702896849,127.588307777765,2022-02-07,2021-11-22,approx_address
음성군,육일농장,닭,종계/산란계,50.0,충청북도 음성군 삼성면 양덕리 421번지,37.0187733023284,127.486123172486,2022-02-07,2021-11-22,approx_address
음성군,음성농장,닭,육계,12500.0,충청북도 음성군 원남면 하당리 462번지,36.903763372237,127.675870605205,2022-02-07,2021-11-22,approx_address
음성군,음성농촌관광농원,닭,육계,6.0,충청북도 음성군 원남면 구안리 168번지,36.8818800414638,127.707837169569,2022-02-07,2021-11-22,approx_address
음성군,정우농장 2,닭,육계,110000.0,충청북도 음성군 삼성면 대야리 428번지,37.0396522460842,127.495143323103,2022-02-07,2021-11-22,approx_address
음성군,진영농장,닭,종계/산란계,48600.0,충청북도 음성군 삼성면 상곡리 7번지 1호,37.0114524779667,127.45613311285,2022-02-07,2021-11-22,approx_address_dong
음성군,한서농장,닭,육계,40000.0,충청북도 음성군 금왕읍 호산리 11번지,37.0416739653109,127.562771125582,2022-02-07,2021-11-22,approx_address
음성군,형제농장,닭,육계,100000.0,충청북도 음성군 소이면 비산리 963번지 외 4필지,36.9415090450149,127.727711408992,2022-02-07,2021-11-22,approx_address_single_parcel
음성군,홍백농장,닭,육계,53000.0,충청북도 음성군 금왕읍 사창리 423번지 1호,37.0093100951407,127.529399781033,2022-02-07,2021-11-22,approx_address_dong
음성군,황금농장,닭,육계,55000.0,충청북도 음성군 소이면 중동리 371번지 2호,36.8924657690638,127.777687218808,2022-02-07,2021-11-22,approx_address_dong
음성군,가인농장,닭,육계,100000.0,충청북도 음성군 맹동면 봉현리 681번지,36.9429594116729,127.540404321725,2024-08-24,2024-11-08,exact
음성군,감곡벤처농장,오리,육용오리,13487.0,충청북도 음성군 감곡면 문촌리 983번지 4호,37.1208514757822,127.700226789905,2024-08-24,2021-02-23,exact
음성군,갑산농장,닭,육계,70000.0,충청북도 음성군 소이면 갑산리 264번지 1호 외 1필지(266번지),36.886576973056,127.751827098244,2024-08-24,2024-11-08,approx_address_dong
음성군,계구쟁이농장,닭,종계/산란계,108864.0,충청북도 음성군 삼성면 능산리 122번지  122-1,37.0362467833446,127.532185338097,2024-08-24,2024-11-08,exact
음성군,계구쟁이농장,닭,종계/산란계,108864.0,"충청북도 음성군 삼성면 능산리 122번지 ,122-1",37.0362467833446,127.532185338097,2024-08-24,2024-11-08,exact
음성군,국현농장,오리,,18000.0,충청북도 음성군 맹동면 봉현리 476번지,36.9429594116729,127.540404321725,2024-08-24,2024-11-08,exact
음성군,남율농장,닭,육계,72767.0,충청북도 음성군 소이면 문등리 196번지,36.9078530716869,127.787206465525,2024-08-24,2024-11-08,approx_address
음성군,농업회사법인 (주) 조하 삼성지점,닭,종계/산란계,,충청북도 음성군 삼성면 능산리 360번지 1호,37.0362467833446,127.532185338097,2024-08-24,2024-11-08,exact
음성군,농업회사법인(주)동일농장 생극지점,닭,종계/산란계,21000.0,충청북도 음성군 생극면 팔성리 520번지 1호,37.043637506303,127.583872485458,2024-08-24,2024-11-08,approx_address_dong
음성군,농업회사법인(주)조하,닭,종계/산란계,86175.0,충청북도 음성군 맹동면 봉현리 363번지 외 7필지,36.9429594116729,127.540404321725,2024-08-24,2024-11-08,exact
음성군,농업회사법인주식회사 동일농장,닭,종계/산란계,44000.0,충청북도 음성군 대소면 삼호리 454번지,36.9558649937714,127.470465006663,2024-08-24,2024-11-08,exact
음성군,농업회사법인주식회사알부자,닭,종계/산란계,32000.0,"충청북도 음성군 원남면 하노리 208번지 외2필지(208-1,213)",36.9039609440561,127.698006354709,2024-08-24,2025-12-17,exact
음성군,누리농장,닭,종계/산란계,15000.0,충청북도 음성군 소이면 중동리 1384번지,36.9067734978763,127.779787260886,2024-08-24,2024-11-08,approx_address
음성군,늘푸른농장,오리,,7800.0,충청북도 음성군 맹동면 마산리 465번지,36.9366494962001,127.554983736816,2024-08-24,2024-11-08,exact
음성군,대금 유정란 농장,닭,육계,50000.0,충청북도 음성군 금왕읍 본대리 29번지,36.9845088550495,127.526186235014,2024-08-24,2024-11-08,exact
음성군,대박농장,오리,,9500.0,충청북도 음성군 맹동면 용촌리 69번지,36.9321796421993,127.522512866118,2024-08-24,2024-11-08,exact
음성군,대성농장,닭,육계,119000.0,충청북도 음성군 맹동면 봉현리 258번지 외 4필지,36.9429594116729,127.540404321725,2024-08-24,2024-11-08,exact
음성군,대왕농장1,오리,육용오리,11840.0,충청북도 음성군 맹동면 봉현리 300번지 2호,36.9429594116729,127.540404321725,2024-08-24,2024-11-08,exact
음성군,류봉농장2,닭,육계,92000.0,충청북도 음성군 대소면 미곡리 산 2번지 2호,36.9558600337329,127.510916780429,2024-08-24,2024-11-08,approx_keyword_dong
음성군,매봉농장,오리,,24390.0,충청북도 음성군 금왕읍 본대리 산 7번지 4호,36.9863427706465,127.536083773134,2024-08-24,2024-11-08,approx_address
음성군,무궁화농장,닭,육계,140000.0,충청북도 음성군 맹동면 봉현리 678번지,36.9429594116729,127.540404321725,2024-08-24,2024-11-08,exact
음성군,미곡농장,닭,육계,56000.0,"충청북도 음성군 대소면 미곡리 402번지 , 401-1, 401-2",36.9430762737999,127.479618635259,2024-08-24,2024-11-08,exact
음성군,민들레농장,닭,육계,148000.0,충청북도 음성군 소이면 중동리 122번지 외 4필지,36.9052029480051,127.781566744962,2024-08-24,2024-11-08,approx_address_single_parcel
음성군,부윤농장,오리,,9500.0,충청북도 음성군 대소면 부윤리 산 73번지,36.9436440084619,127.51862789133,2024-08-24,2024-11-08,approx_address
음성군,삼봉농장,오리,,12000.0,충청북도 음성군 금왕읍 삼봉리 601번지,36.9523470813618,127.553269800483,2024-08-24,2024-11-08,exact
음성군,상당농장,닭,육계,40000.0,충청북도 음성군 원남면 상당리 475번지 외 4필지,36.8980135073222,127.671848265261,2024-08-24,2024-11-08,approx_address_single_parcel
음성군,새시대목장,"면양, 타조, 염소",,103.0,충청북도 음성군 원남면 주봉리 464번지,36.8721403982401,127.676449657448,2024-08-24,2024-11-08,approx_address
음성군,생금,닭,육계,100000.0,충청북도 음성군 금왕읍 본대리 101번지 7호 외1필지,36.9845088550495,127.526186235014,2024-08-24,2024-11-08,exact
음성군,서가팜,닭,종계/산란계,35000.0,"충청북도 음성군 삼성면 대정리 552,553,554,554-1,555",37.0287798645394,127.519734828122,2024-08-24,2024-11-08,exact
음성군,세연농장,오리,,12500.0,충청북도 음성군 소이면 비산리 1003번지 1호,36.9390371688166,127.726425620663,2024-08-24,2024-11-08,approx_address
음성군,세움팜스,닭,육계,130000.0,"충청북도 음성군 대소면 수태리 125번지 외 8필지(122,123,124,맹동면 용촌리 379,379-1,379-2,379-3,379-4)",36.9401623864557,127.505212643988,2024-08-24,2024-11-08,exact
음성군,소이가든농장,"육계, 산양",,300.0,충청북도 음성군 소이면 금고리 311번지 2호,36.9178334333792,127.739387594998,2024-08-24,2024-11-08,approx_address
음성군,솔그린농장,닭,육계,60000.0,충청북도 음성군 감곡면 문촌리 448번지 3호 외 4필지,37.1208514757822,127.700226789905,2024-08-24,2021-02-23,exact
음성군,솔뫼비농장,닭,종계/산란계,5000.0,충청북도 음성군 삼성면 청용리 49번지 1호,36.9988702360699,127.468078553507,2024-08-24,2024-11-08,exact
음성군,송계농장,닭,종계/산란계,110592.0,충청북도 음성군 삼성면 상곡리 2번지,37.007652864915,127.469458751297,2024-08-24,2024-11-08,approx_address
음성군,송림농장,닭,종계/산란계,60000.0,충청북도 음성군 생극면 송곡리 191번지,37.0647094441796,127.598214810906,2024-08-24,2024-11-08,approx_address
음성군,수농장,오리,,16000.0,충청북도 음성군 대소면 삼정리 764번지 1호,36.9548466701215,127.493143258412,2024-08-24,2024-11-08,exact
음성군,승순농장,닭,종계/산란계,200000.0,충청북도 음성군 삼성면 대야리 80번지 9호,37.0356420920737,127.507122537906,2024-08-24,2024-11-08,approx_address
음성군,아람농장,닭,육계,35922.0,충청북도 음성군 맹동면 봉현리 278번지,36.9429594116729,127.540404321725,2024-08-24,2024-11-08,exact
음성군,아스타,닭,육계,70700.0,충청북도 음성군 맹동면 마산리 389번지,36.9366494962001,127.554983736816,2024-08-24,2024-11-08,exact
음성군,열음농장,닭,종계/산란계,2800.0,"충청북도 음성군 소이면 중동리 829번지 외 3필지(830, 831, 1195)",36.892025261548,127.769712112104,2024-08-24,2024-11-08,approx_address_single_parcel
음성군,원남농장,"한우, 메추리",,70002.0,충청북도 음성군 원남면 덕정리 59번지,36.8940469033698,127.63409500855,2024-08-24,2025-12-17,exact
음성군,윤호농장,오리,,10000.0,충청북도 음성군 맹동면 봉현리 686번지,36.9429594116729,127.540404321725,2024-08-24,2024-11-08,exact
음성군,이루미농장,닭,육계,41800.0,충청북도 음성군 맹동면 마산리 425번지,36.9366494962001,127.554983736816,2024-08-24,2024-11-08,exact
음성군,이엘농장,닭,종계/산란계,64350.0,충청북도 음성군 원남면 삼용리 688번지 5호,36.8858631468269,127.596062408518,2024-08-24,2024-11-08,approx_address
음성군,장수농장,오리,,20000.0,"충청북도 음성군 삼성면 천평리 355번지 외 4(357, 358, 359, 937)",36.9841153979027,127.504739354853,2024-08-24,2024-11-08,exact
음성군,장수농장,닭,종계/산란계,8920.0,충청북도 음성군 소이면 비산리 670번지 외 11필지,36.9380779301813,127.733616538214,2024-08-24,2024-11-08,approx_address_single_parcel
음성군,정우농장,닭,육계,60000.0,충청북도 음성군 음성읍 초천리 714번지 2호 외 1필지,36.9262240198576,127.653237779228,2024-08-24,2024-11-08,approx_address
음성군,하얀구름,닭,육계,40000.0,충청북도 음성군 맹동면 봉현리 170번지 2호 외 2필지,36.9429594116729,127.540404321725,2024-08-24,2024-11-08,exact
음성군,한울,닭,육계,105000.0,"충청북도 음성군 대소면 부윤리 260번지 240, 240-1, 238-4",36.9472742215967,127.52422358949,2024-08-24,2024-11-08,exact
음성군,해건농장,닭,육계,35000.0,충청북도 음성군 음성읍 삼생리 799번지 1호 외 2필지,36.9156545244892,127.594422576571,2024-08-24,2024-11-08,approx_address_dong
음성군,햇살농장,닭,육계,44000.0,충청북도 음성군 맹동면 봉현리 504번지,36.9429594116729,127.540404321725,2024-08-24,2024-11-08,exact
음성군,행복농장,닭,육계,35000.0,충청북도 음성군 소이면 봉전리 368번지 2호,36.9046845644089,127.756438964822,2024-08-24,2024-11-08,approx_address_dong
음성군,향촌농장,오리,,11000.0,충청북도 음성군 삼성면 천평리 727번지 3호,36.9841153979027,127.504739354853,2024-08-24,2024-11-08,exact
음성군,형제농장,닭,육계,100000.0,"충청북도 음성군 소이면 비산리 963번지 외 4필지(963-2, 963-3, 960, 960-3)",36.9415090450149,127.727711408992,2024-08-24,2024-11-08,approx_address_single_parcel
음성군,환희농장,닭,육계,81800.0,충청북도 음성군 맹동면 봉현리 693번지,36.9429594116729,127.540404321725,2024-08-24,2024-11-08,exact
음성군,황새농장,닭,육계,78000.0,충청북도 음성군 금왕읍 구계리 429번지 3호 외 1필지,37.0187643909912,127.534824905027,2024-08-24,2024-11-08,approx_address
음성군,갑산농장,닭,육계,70000.0,충청북도 음성군 소이면 갑산리 264번지 1호 외 1필지(266번지),36.886576973056,127.751827098244,2024-08-24,2024-12-31,approx_address_dong
음성군,남율농장,닭,육계,72767.0,충청북도 음성군 소이면 문등리 196번지,36.9078530716869,127.787206465525,2024-08-24,2024-12-31,approx_address
음성군,농업회사법인(주)동일농장 생극지점,닭,종계/산란계,21000.0,충청북도 음성군 생극면 팔성리 520번지 1호,37.043637506303,127.583872485458,2024-08-24,2024-12-31,approx_address_dong
음성군,누리농장,닭,종계/산란계,15000.0,충청북도 음성군 소이면 중동리 1384번지,36.9067734978763,127.779787260886,2024-08-24,2024-12-31,approx_address
음성군,류봉농장2,닭,육계,92000.0,충청북도 음성군 대소면 미곡리 산 2번지 2호,36.9558600337329,127.510916780429,2024-08-24,2024-12-31,approx_keyword_dong
음성군,매봉농장,오리,,24390.0,충청북도 음성군 금왕읍 본대리 산 7번지 4호,36.9863427706465,127.536083773134,2024-08-24,2024-12-31,approx_address
음성군,민들레농장,닭,육계,148000.0,충청북도 음성군 소이면 중동리 122번지 외 4필지,36.9052029480051,127.781566744962,2024-08-24,2024-12-31,approx_address_single_parcel
음성군,부윤농장,오리,,9500.0,충청북도 음성군 대소면 부윤리 산 73번지,36.9436440084619,127.51862789133,2024-08-24,2024-12-31,approx_address
음성군,상당농장,닭,육계,40000.0,충청북도 음성군 원남면 상당리 475번지 외 4필지,36.8980135073222,127.671848265261,2024-08-24,2024-12-31,approx_address_single_parcel
음성군,새시대목장,"면양, 타조, 염소",,103.0,충청북도 음성군 원남면 주봉리 464번지,36.8721403982401,127.676449657448,2024-08-24,2024-12-31,approx_address
음성군,세연농장,오리,,12500.0,충청북도 음성군 소이면 비산리 1003번지 1호,36.9390371688166,127.726425620663,2024-08-24,2024-12-31,approx_address
음성군,소이가든농장,"육계, 산양",,300.0,충청북도 음성군 소이면 금고리 311번지 2호,36.9178334333792,127.739387594998,2024-08-24,2024-12-31,approx_address
음성군,송계농장,닭,종계/산란계,110592.0,충청북도 음성군 삼성면 상곡리 2번지,37.007652864915,127.469458751297,2024-08-24,2024-12-31,approx_address
음성군,송림농장,닭,종계/산란계,60000.0,충청북도 음성군 생극면 송곡리 191번지,37.0647094441796,127.598214810906,2024-08-24,2024-12-31,approx_address
음성군,승순농장,닭,종계/산란계,200000.0,충청북도 음성군 삼성면 대야리 80번지 9호,37.0356420920737,127.507122537906,2024-08-24,2024-12-31,approx_address
음성군,열음농장,닭,종계/산란계,2800.0,"충청북도 음성군 소이면 중동리 829번지 외 3필지(830, 831, 1195)",36.892025261548,127.769712112104,2024-08-24,2024-12-31,approx_address_single_parcel
음성군,이엘농장,닭,종계/산란계,64350.0,충청북도 음성군 원남면 삼용리 688번지 5호,36.8858631468269,127.596062408518,2024-08-24,2024-12-31,approx_address
음성군,장수농장,닭,종계/산란계,8920.0,충청북도 음성군 소이면 비산리 670번지 외 11필지,36.9380779301813,127.733616538214,2024-08-24,2024-12-31,approx_address_single_parcel
음성군,정우농장,닭,육계,60000.0,충청북도 음성군 음성읍 초천리 714번지 2호 외 1필지,36.9262240198576,127.653237779228,2024-08-24,2024-12-31,approx_address
음성군,해건농장,닭,육계,35000.0,충청북도 음성군 음성읍 삼생리 799번지 1호 외 2필지,36.9156545244892,127.594422576571,2024-08-24,2024-12-31,approx_address_dong
음성군,행복농장,닭,육계,35000.0,충청북도 음성군 소이면 봉전리 368번지 2호,36.9046845644089,127.756438964822,2024-08-24,2024-12-31,approx_address_dong
음성군,형제농장,닭,육계,100000.0,"충청북도 음성군 소이면 비산리 963번지 외 4필지(963-2, 963-3, 960, 960-3)",36.9415090450149,127.727711408992,2024-08-24,2024-12-31,approx_address_single_parcel
음성군,황새농장,닭,육계,78000.0,충청북도 음성군 금왕읍 구계리 429번지 3호 외 1필지,37.0187643909912,127.534824905027,2024-08-24,2024-12-31,approx_address
음성군,갑산농장,닭,육계,70000.0,충청북도 음성군 소이면 갑산리 264번지 1호 외 1필지(266번지),36.886576973056,127.751827098244,2024-08-24,2025-01-14,approx_address_dong
음성군,남율농장,닭,육계,72767.0,충청북도 음성군 소이면 문등리 196번지,36.9078530716869,127.787206465525,2024-08-24,2025-01-14,approx_address
음성군,농업회사법인(주)동일농장 생극지점,닭,종계/산란계,21000.0,충청북도 음성군 생극면 팔성리 520번지 1호,37.043637506303,127.583872485458,2024-08-24,2025-01-14,approx_address_dong
음성군,누리농장,닭,종계/산란계,15000.0,충청북도 음성군 소이면 중동리 1384번지,36.9067734978763,127.779787260886,2024-08-24,2025-01-14,approx_address
음성군,류봉농장2,닭,육계,92000.0,충청북도 음성군 대소면 미곡리 산 2번지 2호,36.9558600337329,127.510916780429,2024-08-24,2025-01-14,approx_keyword_dong
음성군,매봉농장,오리,,24390.0,충청북도 음성군 금왕읍 본대리 산 7번지 4호,36.9863427706465,127.536083773134,2024-08-24,2025-01-14,approx_address
음성군,민들레농장,닭,육계,148000.0,충청북도 음성군 소이면 중동리 122번지 외 4필지,36.9052029480051,127.781566744962,2024-08-24,2025-01-14,approx_address_single_parcel
음성군,부윤농장,오리,,9500.0,충청북도 음성군 대소면 부윤리 산 73번지,36.9436440084619,127.51862789133,2024-08-24,2025-01-14,approx_address
음성군,상당농장,닭,육계,40000.0,충청북도 음성군 원남면 상당리 475번지 외 4필지,36.8980135073222,127.671848265261,2024-08-24,2025-01-14,approx_address_single_parcel
음성군,새시대목장,"면양, 타조, 염소",,103.0,충청북도 음성군 원남면 주봉리 464번지,36.8721403982401,127.676449657448,2024-08-24,2025-01-14,approx_address
음성군,세연농장,오리,,12500.0,충청북도 음성군 소이면 비산리 1003번지 1호,36.9390371688166,127.726425620663,2024-08-24,2025-01-14,approx_address
음성군,소이가든농장,"육계, 산양",,300.0,충청북도 음성군 소이면 금고리 311번지 2호,36.9178334333792,127.739387594998,2024-08-24,2025-01-14,approx_address
음성군,송계농장,닭,종계/산란계,110592.0,충청북도 음성군 삼성면 상곡리 2번지,37.007652864915,127.469458751297,2024-08-24,2025-01-14,approx_address
음성군,송림농장,닭,종계/산란계,60000.0,충청북도 음성군 생극면 송곡리 191번지,37.0647094441796,127.598214810906,2024-08-24,2025-01-14,approx_address
음성군,승순농장,닭,종계/산란계,200000.0,충청북도 음성군 삼성면 대야리 80번지 9호,37.0356420920737,127.507122537906,2024-08-24,2025-01-14,approx_address
음성군,열음농장,닭,종계/산란계,2800.0,"충청북도 음성군 소이면 중동리 829번지 외 3필지(830, 831, 1195)",36.892025261548,127.769712112104,2024-08-24,2025-01-14,approx_address_single_parcel
음성군,이엘농장,닭,종계/산란계,64350.0,충청북도 음성군 원남면 삼용리 688번지 5호,36.8858631468269,127.596062408518,2024-08-24,2025-01-14,approx_address
음성군,장수농장,닭,종계/산란계,8920.0,충청북도 음성군 소이면 비산리 670번지 외 11필지,36.9380779301813,127.733616538214,2024-08-24,2025-01-14,approx_address_single_parcel
음성군,정우농장,닭,육계,60000.0,충청북도 음성군 음성읍 초천리 714번지 2호 외 1필지,36.9262240198576,127.653237779228,2024-08-24,2025-01-14,approx_address
음성군,해건농장,닭,육계,35000.0,충청북도 음성군 음성읍 삼생리 799번지 1호 외 2필지,36.9156545244892,127.594422576571,2024-08-24,2025-01-14,approx_address_dong
음성군,행복농장,닭,육계,35000.0,충청북도 음성군 소이면 봉전리 368번지 2호,36.9046845644089,127.756438964822,2024-08-24,2025-01-14,approx_address_dong
음성군,형제농장,닭,육계,100000.0,"충청북도 음성군 소이면 비산리 963번지 외 4필지(963-2, 963-3, 960, 960-3)",36.9415090450149,127.727711408992,2024-08-24,2025-01-14,approx_address_single_parcel
음성군,황새농장,닭,육계,78000.0,충청북도 음성군 금왕읍 구계리 429번지 3호 외 1필지,37.0187643909912,127.534824905027,2024-08-24,2025-01-14,approx_address
진천군,(주)드리밍에그,닭,종계/산란계,,충청북도 진천군 문백면 계산리 519번지,36.7769488213711,127.41278253139,2026-04-07,2025-12-30,exact
진천군,갈미농장,닭,종계/산란계,,충청북도 진천군 이월면 중산리 549번지 1호 갈미농장,36.9107912195304,127.439823252063,2026-04-07,2025-12-30,exact
진천군,건농장,닭,육계,,"충청북도 진천군 덕산읍 인산리 1209번지 , 1210",36.8696542243126,127.501531212804,2026-04-07,2025-12-22,approx_address_single_parcel
진천군,규해농장,닭,육계,,충청북도 진천군 진천읍 행정리 357번지,36.8610478524614,127.416409435808,2026-04-07,2025-12-22,approx_address
진천군,꿀물농장,오리,,,충청북도 진천군 이월면 삼용리,36.8964064115071,127.46899134191,2026-04-07,2025-12-30,exact
진천군,꿀벌농장,닭,육계,,충청북도 진천군 초평면 용기리 385번지,36.783628908,127.561757939431,2026-04-07,2025-12-22,approx_address
진천군,꿍이네농장,닭,종계/산란계,,충청북도 진천군 덕산읍 한천리 495번지 3호,36.8992578407452,127.502105103275,2026-04-07,2025-12-22,approx_address
진천군,낙천그린농장,닭,육계,,충청북도 진천군 진천읍 상신리 589번지,36.8684084075933,127.477859498779,2026-04-07,2025-12-30,exact
진천군,농업회사법인(주)동일농장 이월지점,닭,종계/산란계,,충청북도 진천군 이월면 미잠리 250번지,36.9317409451424,127.465961652517,2026-04-07,2025-12-22,exact
진천군,농업회사법인(주)동일농장이월2지점,닭,종계/산란계,,충청북도 진천군 이월면 미잠리 294번지,36.9317409451424,127.465961652517,2026-04-07,2025-12-22,exact
진천군,농업회사법인(주)에버그린 진천지점,닭,종계/산란계,,충청북도 진천군 덕산읍 화상리 165번지 외 18필지,36.8795947682388,127.496775608509,2026-04-07,2025-12-22,approx_address_single_parcel
진천군,농업회사법인(주)유정마을 진천지점,닭,종계/산란계,,충청북도 진천군 진천읍 상신리 566번지 567,36.8684084075933,127.477859498779,2026-04-07,2025-12-30,exact
진천군,농업회사법인(주)재유농원 진천지점,닭,종계/산란계,,"충청북도 진천군 초평면 중석리 1828번지 ,1829",36.8553816586139,127.496715860659,2026-04-07,2025-12-22,approx_address_single_parcel
진천군,단원농장,닭,종계/산란계,,"충청북도 진천군 이월면 삼용리 1184번지 외 2필지(1185, 917)",36.8964064115071,127.46899134191,2026-04-07,2025-12-30,exact
진천군,대국농장,닭,종계/산란계,,충청북도 진천군 진천읍 문봉리 185번지,36.8409973817303,127.394247008461,2026-04-07,2025-12-30,exact
진천군,대승농장,닭,육계,,충청북도 진천군 덕산읍 구산리 501번지 9호,36.8852686731017,127.513853471073,2026-04-07,2025-12-22,approx_address
진천군,대정농장,닭,육계,,충청북도 진천군 이월면 동성리 783번지,36.8938515643768,127.451137812347,2026-04-07,2025-12-30,exact
진천군,대호농장,오리,,,"충청북도 진천군 이월면 삼용리 452번지 1호 , 452-2, 431-4",36.8964064115071,127.46899134191,2026-04-07,2025-12-30,exact
진천군,덕산농장,닭,종계/산란계,,충청북도 진천군 덕산읍 인산리 1180번지,36.867183644042,127.497836245081,2026-04-07,2025-12-22,approx_address
진천군,도날드농장,오리,,,충청북도 진천군 진천읍 행정리 387번지 1호,36.8535476875277,127.41650408961,2026-04-07,2025-12-22,approx_address_dong
진천군,도원농장,닭,육계,,충청북도 진천군 초평면 용기리 1번지 6호,36.7863102773185,127.551347801464,2026-04-07,2025-12-22,approx_address_dong
진천군,디딤돌농장,오리,,,충청북도 진천군 이월면 삼용리 874번지 1호,36.8964064115071,127.46899134191,2026-04-07,2025-12-30,exact
진천군,모래봉농장,오리,,,충청북도 진천군 덕산읍 용몽리 5번지,36.9136845360373,127.524129964447,2026-04-07,2025-12-22,approx_address
진천군,문백축산,오리,,,충청북도 진천군 문백면 봉죽리 산 18번지 1호,36.800963568278064,127.40219690323806,2026-04-07,2025-12-22,approx_keyword_dong
진천군,미래축산,닭,육계,,충청북도 진천군 이월면 동성리 783번지 1호,36.8938515643768,127.451137812347,2026-04-07,2025-12-30,exact
진천군,미호농장,오리,,,"충청북도 진천군 덕산읍 인산리 636번지 1호 637-3,637-2,637-1,636-3,636-2",36.8674609245803,127.491881235317,2026-04-07,2025-12-22,approx_address_dong
진천군,박** 농장,닭,육계,,충청북도 진천군 이월면 사곡리 28번지,36.8997324551789,127.43874148111,2026-04-07,2025-12-22,approx_address
진천군,백일농장,오리,,,"충청북도 진천군 진천읍 문봉리 23번지 외 5필지(21,22-1,22-3,24,424-1)",36.8409973817303,127.394247008461,2026-04-07,2025-12-30,exact
진천군,별이네농장,닭,종계/산란계,,충청북도 진천군 덕산읍 한천리 495번지,36.8992578407452,127.502105103275,2026-04-07,2025-12-22,approx_address
진천군,부림1농장,닭,육계,,충청북도 진천군 진천읍 상신리 592번지,36.8684084075933,127.477859498779,2026-04-07,2025-12-30,exact
진천군,부림2농장,닭,육계,,충청북도 진천군 진천읍 상신리 594번지,36.8684084075933,127.477859498779,2026-04-07,2025-12-30,exact
진천군,부성농장,오리,,,충청북도 진천군 이월면 사곡리 233번지,36.8968662117019,127.429458192365,2026-04-07,2025-12-22,approx_address
진천군,비에스에코팜,닭,종계/산란계,,충청북도 진천군 덕산읍 인산리 701번지,36.8738499292139,127.479648901594,2026-04-07,2025-12-22,approx_address
진천군,사랑오리농장,오리,,,충청북도 진천군 문백면 계산리 107번지 2호,36.7769488213711,127.41278253139,2026-04-07,2025-12-30,exact
진천군,샤론농장,닭,종계/산란계,,충청북도 진천군 초평면 오갑리 311번지,36.8575221932838,127.51768925627,2026-04-07,2026-01-03,exact
진천군,서경 농장,닭,육계,,충청북도 진천군 이월면 동성리 828번지,36.8938515643768,127.451137812347,2026-04-07,2025-12-30,exact
진천군,석화농원,오리,,,충청북도 진천군 이월면 삼용리 785번지 3호,36.8964064115071,127.46899134191,2026-04-07,2025-12-30,exact
진천군,선농장,닭,육계,,충청북도 진천군 진천읍 상신리 573번지,36.8684084075933,127.477859498779,2026-04-07,2025-12-30,exact
진천군,선민농장,오리,,,충청북도 진천군 진천읍 행정리 387번지 1호,36.8535476875277,127.41650408961,2026-04-07,2025-12-22,approx_address_dong
진천군,성주농장,닭,종계/산란계,,충청북도 진천군 이월면 동성리 838번지,36.8938515643768,127.451137812347,2026-04-07,2025-12-30,exact
진천군,송림농장,오리,육용오리,,충청북도 진천군 이월면 송림리 89번지 3호 주식회사 주원산오리,36.9357413653463,127.424732078337,2026-04-07,2025-12-22,approx_address_dong
진천군,송원농장,닭,육계,,충청북도 진천군 이월면 중산리 631번지 1호,36.9107912195304,127.439823252063,2026-04-07,2025-12-30,exact
진천군,수지농장,오리,,,충청북도 진천군 덕산읍 화상리 458번지,36.8833515244951,127.497718749389,2026-04-07,2025-12-22,approx_address
진천군,시골농장,닭,육계,,충청북도 진천군 백곡면 양백리 270번지 1호,36.9231240469741,127.329585273597,2026-04-07,2025-12-22,approx_address
진천군,신영농장,닭,육계,,충청북도 진천군 이월면 동성리 404번지 3호,36.8938515643768,127.451137812347,2026-04-07,2025-12-30,exact
진천군,양촌농장,닭,종계/산란계,,충청북도 진천군 덕산읍 구산리 192번지 1호,36.8721135349698,127.525502687462,2026-04-07,2025-12-22,approx_address
진천군,엄지농장,오리,,,충청북도 진천군 덕산읍 인산리 699번지,36.8749510737895,127.478931567819,2026-04-07,2025-12-22,approx_address
진천군,엄해열,닭,육계,,충청북도 진천군 이월면 신월리 산 92번지 1호,36.9695718790909,127.445317992926,2026-04-07,2025-12-22,approx_keyword_dong
진천군,에그랑농장,닭,종계/산란계,,충청북도 진천군 초평면 오갑리 73번지,36.8575221932838,127.51768925627,2026-04-07,2026-01-03,exact
진천군,에코팜,닭,종계/산란계,,충청북도 진천군 초평면 중석리 1390번지,36.8482300391479,127.494941019943,2026-04-07,2025-12-22,approx_address
진천군,여명농장,닭,육계,,충청북도 진천군 백곡면 대문리 583번지,36.869535056203,127.32395958235,2026-04-07,2025-12-22,approx_address
진천군,영농조합법인 정원농장 진천지점,메추리,,,충청북도 진천군 초평면 오갑리 322번지 322-1 322-2 322-3,36.8575221932838,127.51768925627,2026-04-07,2026-01-03,exact
진천군,영민 농장,닭,육계,,충청북도 진천군 백곡면 대문리 590번지 591번지 592번지,36.869614747866,127.32506900084,2026-04-07,2025-12-22,approx_address_single_parcel
진천군,예민꿩농장,꿩,,,충청북도 진천군 문백면 태락리 529번지 3호,36.7943118498619,127.437996912448,2026-04-07,2025-12-22,approx_address
진천군,예서농장,닭,육계,,충청북도 진천군 덕산읍 구산리 137번지,36.8754863196754,127.528063768799,2026-04-07,2025-12-22,approx_address
진천군,오갑농장,오리,,,충청북도 진천군 초평면 오갑리 7번지,36.8575221932838,127.51768925627,2026-04-07,2026-01-03,exact
진천군,오창농장,닭,육계,,"충청북도 진천군 문백면 은탄리 457번지 2호 , 457-5, 산92-1",36.7726455381044,127.468687461983,2026-04-07,2025-12-22,approx_address
진천군,용몽농장,닭,육계,,충청북도 진천군 덕산읍 용몽리 276번지 양계장,36.9217584250157,127.511773406824,2026-04-07,2025-12-22,approx_address
진천군,우영농장,오리,,,충청북도 진천군 덕산읍 석장리 33번지,36.8930507086691,127.520096536678,2026-04-07,2025-12-22,approx_address_dong
진천군,우진농장,닭,육계,,충청북도 진천군 이월면 동성리 836번지,36.8938515643768,127.451137812347,2026-04-07,2025-12-30,exact
진천군,우혁농장,오리,,,충청북도 진천군 덕산읍 기전리 466번지 3호,36.8867105602895,127.52711048822,2026-04-07,2025-12-22,approx_address
진천군,원천농장,닭,종계/산란계,,충청북도 진천군 문백면 계산리 169번지,36.7769488213711,127.41278253139,2026-04-07,2025-12-30,exact
진천군,유니농장,오리,,,"충청북도 진천군 덕산읍 화상리 156번지 외 6필지(137-1, 150, 150-1, 150-3, 150-4, 156-3)",36.8749544361457,127.502131488416,2026-04-07,2025-12-22,approx_address_single_parcel
진천군,윤**농장,오리,,,충청북도 진천군 이월면 삼용리 산 96번지 6호,36.8378079445623,127.42117763981385,2026-04-07,2025-12-22,approx_keyword_dong
진천군,윤**농장,오리,,,"충청북도 진천군 이월면 삼용리 553번지 1호 외2(554,554-1)",36.8964064115071,127.46899134191,2026-04-07,2025-12-30,exact
진천군,윤일농장,닭,육계,,충청북도 진천군 덕산읍 화상리 378번지 2호,36.8865920292333,127.500784834543,2026-04-07,2025-12-22,approx_address
진천군,은영농장,오리,,,충청북도 진천군 이월면 삼용리 149번지 1호,36.8964064115071,127.46899134191,2026-04-07,2025-12-30,exact
진천군,은혜커농장,닭,육계,,충청북도 진천군 초평면 중석리 1707번지,36.859567280601,127.500037890548,2026-04-07,2025-12-22,approx_address
진천군,이삭농장,닭,육계,,충청북도 진천군 이월면 중산리 631번지 외 1필지,36.9107912195304,127.439823252063,2026-04-07,2025-12-30,exact
진천군,장곡농장,닭,육계,,충청북도 진천군 진천읍 행정리 197번지 1호,36.8535476875277,127.41650408961,2026-04-07,2025-12-22,approx_address_dong
진천군,장원농장,닭,육계,,충청북도 진천군 진천읍 상신리 551번지,36.8684084075933,127.477859498779,2026-04-07,2025-12-30,exact
진천군,정연농장,오리,,,"충청북도 진천군 이월면 삼용리 1168번지 1169, 1170",36.8964064115071,127.46899134191,2026-04-07,2025-12-30,exact
진천군,정우농장,닭,종계/산란계,,충청북도 진천군 이월면 삼용리 164번지 1호,36.8964064115071,127.46899134191,2026-04-07,2025-12-30,exact
진천군,종일농장,오리,,,충청북도 진천군 덕산읍 합목리 359번지 6호,36.9050497488813,127.491897795367,2026-04-07,2025-12-22,approx_address
진천군,지암농장,닭,육계,,충청북도 진천군 진천읍 지암리 1200번지,36.8120324905263,127.419614022018,2026-04-07,2025-12-22,approx_address
진천군,진영축산,닭,육계,,충청북도 진천군 덕산읍 산수리 924번지 925 삼용리 1193 1195 1196,36.8841957068695,127.474220230006,2026-04-07,2025-12-22,approx_address_single_parcel
진천군,창성농장,오리,,,충청북도 진천군 덕산읍 인산리 1195번지,36.8691959011702,127.50004074769,2026-04-07,2025-12-22,approx_address
진천군,청남농장,메추리,,,충청북도 진천군 광혜원면 실원리 208번지,37.0056073989777,127.442904230424,2026-04-07,2025-12-22,approx_address
진천군,초원농장,오리,,,충청북도 진천군 이월면 동성리 881번지,36.8938515643768,127.451137812347,2026-04-07,2025-12-30,exact
진천군,초평농장,닭,종계/산란계,,충청북도 진천군 초평면 신통리 211번지,36.863578982484,127.555203276817,2026-04-07,2025-12-22,approx_address
진천군,친친농장,닭,육계,,충청북도 진천군 덕산읍 용몽리 978번지,36.9226932075022,127.507130636579,2026-04-07,2025-12-22,approx_address
진천군,태경농장,닭,육계,,충청북도 진천군 초평면 용산리 1010번지,36.7736299273574,127.535009949312,2026-04-07,2025-12-22,approx_address
진천군,태원농장,닭,육계,,충청북도 진천군 이월면 삼용리 1099번지,36.8964064115071,127.46899134191,2026-04-07,2025-12-30,exact
진천군,태진,오리,,,충청북도 진천군 이월면 신월리 685번지 4호,36.9126424184116,127.452467451186,2026-04-07,2025-12-22,approx_address
진천군,팔팔농장,닭,육계,,충청북도 진천군 이월면 동성리 884번지,36.8938515643768,127.451137812347,2026-04-07,2025-12-30,exact
진천군,하늘농장,닭,육계,,충청북도 진천군 초평면 용산리 1005번지 외 2필지,36.7735458698736,127.533742620163,2026-04-07,2025-12-22,approx_address_single_parcel
진천군,하늘샘농장,닭,산란중추,,충청북도 진천군 초평면 오갑리 81번지,36.8575221932838,127.51768925627,2026-04-07,2026-01-03,exact
진천군,한별농장,닭,육계,,충청북도 진천군 초평면 중석리 1717번지,36.8596542831853,127.501502529006,2026-04-07,2025-12-22,approx_address
진천군,한우리농장,닭,종계/산란계,,충청북도 진천군 문백면 계산리 산 50번지 1호,36.800963568278064,127.40219690323806,2026-04-07,2025-12-22,approx_keyword_dong
진천군,한터농장,닭,육계,,충청북도 진천군 덕산읍 화상리 203번지,36.8776096018702,127.500890725842,2026-04-07,2025-12-22,approx_address
진천군,해든농장,오리,,,충청북도 진천군 초평면 용산리 819번지 외 3필지,36.7746637572472,127.532259691076,2026-04-07,2025-12-22,approx_address_single_parcel
진천군,햇살 농장,닭,육계,,충청북도 진천군 이월면 동성리 840번지,36.8938515643768,127.451137812347,2026-04-07,2025-12-30,exact
진천군,화산농장,오리,,,충청북도 진천군 이월면 신계리 362번지 2호,36.946792989425,127.397449957823,2026-04-07,2025-12-22,approx_address_dong
진천군,황금농장,닭,종계/산란계,,"충청북도 진천군 문백면 계산리 508번지 506, 507, 509, 555, 601, 504",36.7769488213711,127.41278253139,2026-04-07,2025-12-30,exact
진천군,황금농장,닭,육계,,충청북도 진천군 이월면 사곡리 97번지,36.8998102443426,127.434048731665,2026-04-07,2025-12-22,approx_address
진천군,건농장,닭,육계,,"충청북도 진천군 덕산읍 인산리 1209번지 , 1210",36.8696542243126,127.501531212804,2026-04-07,2025-12-30,approx_address_single_parcel
진천군,규해농장,닭,육계,,충청북도 진천군 진천읍 행정리 357번지,36.8610478524614,127.416409435808,2026-04-07,2025-12-30,approx_address
진천군,꿀벌농장,닭,육계,,충청북도 진천군 초평면 용기리 385번지,36.783628908,127.561757939431,2026-04-07,2025-12-30,approx_address
진천군,꿍이네농장,닭,종계/산란계,,충청북도 진천군 덕산읍 한천리 495번지 3호,36.8992578407452,127.502105103275,2026-04-07,2025-12-30,approx_address
진천군,농업회사법인(주)에버그린 진천지점,닭,종계/산란계,,충청북도 진천군 덕산읍 화상리 165번지 외 18필지,36.8795947682388,127.496775608509,2026-04-07,2025-12-30,approx_address_single_parcel
진천군,농업회사법인(주)재유농원 진천지점,닭,종계/산란계,,"충청북도 진천군 초평면 중석리 1828번지 ,1829",36.8553816586139,127.496715860659,2026-04-07,2025-12-30,approx_address_single_parcel
진천군,대승농장,닭,육계,,충청북도 진천군 덕산읍 구산리 501번지 9호,36.8852686731017,127.513853471073,2026-04-07,2025-12-30,approx_address
진천군,덕산농장,닭,종계/산란계,,충청북도 진천군 덕산읍 인산리 1180번지,36.867183644042,127.497836245081,2026-04-07,2025-12-30,approx_address
진천군,도날드농장,오리,,,충청북도 진천군 진천읍 행정리 387번지 1호,36.8535476875277,127.41650408961,2026-04-07,2025-12-30,approx_address_dong
진천군,도원농장,닭,육계,,충청북도 진천군 초평면 용기리 1번지 6호,36.7863102773185,127.551347801464,2026-04-07,2025-12-30,approx_address_dong
진천군,모래봉농장,오리,,,충청북도 진천군 덕산읍 용몽리 5번지,36.9136845360373,127.524129964447,2026-04-07,2025-12-30,approx_address
진천군,문백축산,오리,,,충청북도 진천군 문백면 봉죽리 산 18번지 1호,36.800963568278064,127.40219690323806,2026-04-07,2025-12-30,approx_keyword_dong
진천군,미호농장,오리,,,"충청북도 진천군 덕산읍 인산리 636번지 1호 637-3,637-2,637-1,636-3,636-2",36.8674609245803,127.491881235317,2026-04-07,2025-12-30,approx_address_dong
진천군,박** 농장,닭,육계,,충청북도 진천군 이월면 사곡리 28번지,36.8997324551789,127.43874148111,2026-04-07,2025-12-30,approx_address
진천군,별이네농장,닭,종계/산란계,,충청북도 진천군 덕산읍 한천리 495번지,36.8992578407452,127.502105103275,2026-04-07,2025-12-30,approx_address
진천군,부성농장,오리,,,충청북도 진천군 이월면 사곡리 233번지,36.8968662117019,127.429458192365,2026-04-07,2025-12-30,approx_address
진천군,비에스에코팜,닭,종계/산란계,,충청북도 진천군 덕산읍 인산리 701번지,36.8738499292139,127.479648901594,2026-04-07,2025-12-30,approx_address
진천군,선민농장,오리,,,충청북도 진천군 진천읍 행정리 387번지 1호,36.8535476875277,127.41650408961,2026-04-07,2025-12-30,approx_address_dong
진천군,송림농장,오리,육용오리,,충청북도 진천군 이월면 송림리 89번지 3호 주식회사 주원산오리,36.9357413653463,127.424732078337,2026-04-07,2025-12-30,approx_address_dong
진천군,수지농장,오리,,,충청북도 진천군 덕산읍 화상리 458번지,36.8833515244951,127.497718749389,2026-04-07,2025-12-30,approx_address
진천군,시골농장,닭,육계,,충청북도 진천군 백곡면 양백리 270번지 1호,36.9231240469741,127.329585273597,2026-04-07,2025-12-30,approx_address
진천군,양촌농장,닭,종계/산란계,,충청북도 진천군 덕산읍 구산리 192번지 1호,36.8721135349698,127.525502687462,2026-04-07,2025-12-30,approx_address
진천군,엄지농장,오리,,,충청북도 진천군 덕산읍 인산리 699번지,36.8749510737895,127.478931567819,2026-04-07,2025-12-30,approx_address
진천군,엄해열,닭,육계,,충청북도 진천군 이월면 신월리 산 92번지 1호,36.9695718790909,127.445317992926,2026-04-07,2025-12-30,approx_keyword_dong
진천군,에코팜,닭,종계/산란계,,충청북도 진천군 초평면 중석리 1390번지,36.8482300391479,127.494941019943,2026-04-07,2025-12-30,approx_address
진천군,여명농장,닭,육계,,충청북도 진천군 백곡면 대문리 583번지,36.869535056203,127.32395958235,2026-04-07,2025-12-30,approx_address
진천군,영민 농장,닭,육계,,충청북도 진천군 백곡면 대문리 590번지 591번지 592번지,36.869614747866,127.32506900084,2026-04-07,2025-12-30,approx_address_single_parcel
진천군,예민꿩농장,꿩,,,충청북도 진천군 문백면 태락리 529번지 3호,36.7943118498619,127.437996912448,2026-04-07,2025-12-30,approx_address
진천군,예서농장,닭,육계,,충청북도 진천군 덕산읍 구산리 137번지,36.8754863196754,127.528063768799,2026-04-07,2025-12-30,approx_address
진천군,오창농장,닭,육계,,"충청북도 진천군 문백면 은탄리 457번지 2호 , 457-5, 산92-1",36.7726455381044,127.468687461983,2026-04-07,2025-12-30,approx_address
진천군,용몽농장,닭,육계,,충청북도 진천군 덕산읍 용몽리 276번지 양계장,36.9217584250157,127.511773406824,2026-04-07,2025-12-30,approx_address
진천군,우영농장,오리,,,충청북도 진천군 덕산읍 석장리 33번지,36.8930507086691,127.520096536678,2026-04-07,2025-12-30,approx_address_dong
진천군,우혁농장,오리,,,충청북도 진천군 덕산읍 기전리 466번지 3호,36.8867105602895,127.52711048822,2026-04-07,2025-12-30,approx_address
진천군,유니농장,오리,,,"충청북도 진천군 덕산읍 화상리 156번지 외 6필지(137-1, 150, 150-1, 150-3, 150-4, 156-3)",36.8749544361457,127.502131488416,2026-04-07,2025-12-30,approx_address_single_parcel
진천군,윤**농장,오리,,,충청북도 진천군 이월면 삼용리 산 96번지 6호,36.8378079445623,127.42117763981385,2026-04-07,2025-12-30,approx_keyword_dong
진천군,윤일농장,닭,육계,,충청북도 진천군 덕산읍 화상리 378번지 2호,36.8865920292333,127.500784834543,2026-04-07,2025-12-30,approx_address
진천군,은혜커농장,닭,육계,,충청북도 진천군 초평면 중석리 1707번지,36.859567280601,127.500037890548,2026-04-07,2025-12-30,approx_address
진천군,장곡농장,닭,육계,,충청북도 진천군 진천읍 행정리 197번지 1호,36.8535476875277,127.41650408961,2026-04-07,2025-12-30,approx_address_dong
진천군,종일농장,오리,,,충청북도 진천군 덕산읍 합목리 359번지 6호,36.9050497488813,127.491897795367,2026-04-07,2025-12-30,approx_address
진천군,지암농장,닭,육계,,충청북도 진천군 진천읍 지암리 1200번지,36.8120324905263,127.419614022018,2026-04-07,2025-12-30,approx_address
진천군,진영축산,닭,육계,,충청북도 진천군 덕산읍 산수리 924번지 925 삼용리 1193 1195 1196,36.8841957068695,127.474220230006,2026-04-07,2025-12-30,approx_address_single_parcel
진천군,창성농장,오리,,,충청북도 진천군 덕산읍 인산리 1195번지,36.8691959011702,127.50004074769,2026-04-07,2025-12-30,approx_address
진천군,청남농장,메추리,,,충청북도 진천군 광혜원면 실원리 208번지,37.0056073989777,127.442904230424,2026-04-07,2025-12-30,approx_address
진천군,초평농장,닭,종계/산란계,,충청북도 진천군 초평면 신통리 211번지,36.863578982484,127.555203276817,2026-04-07,2025-12-30,approx_address
진천군,친친농장,닭,육계,,충청북도 진천군 덕산읍 용몽리 978번지,36.9226932075022,127.507130636579,2026-04-07,2025-12-30,approx_address
진천군,태경농장,닭,육계,,충청북도 진천군 초평면 용산리 1010번지,36.7736299273574,127.535009949312,2026-04-07,2025-12-30,approx_address
진천군,태진,오리,,,충청북도 진천군 이월면 신월리 685번지 4호,36.9126424184116,127.452467451186,2026-04-07,2025-12-30,approx_address
진천군,하늘농장,닭,육계,,충청북도 진천군 초평면 용산리 1005번지 외 2필지,36.7735458698736,127.533742620163,2026-04-07,2025-12-30,approx_address_single_parcel
진천군,한별농장,닭,육계,,충청북도 진천군 초평면 중석리 1717번지,36.8596542831853,127.501502529006,2026-04-07,2025-12-30,approx_address
진천군,한우리농장,닭,종계/산란계,,충청북도 진천군 문백면 계산리 산 50번지 1호,36.800963568278064,127.40219690323806,2026-04-07,2025-12-30,approx_keyword_dong
진천군,한터농장,닭,육계,,충청북도 진천군 덕산읍 화상리 203번지,36.8776096018702,127.500890725842,2026-04-07,2025-12-30,approx_address
진천군,해든농장,오리,,,충청북도 진천군 초평면 용산리 819번지 외 3필지,36.7746637572472,127.532259691076,2026-04-07,2025-12-30,approx_address_single_parcel
진천군,화산농장,오리,,,충청북도 진천군 이월면 신계리 362번지 2호,36.946792989425,127.397449957823,2026-04-07,2025-12-30,approx_address_dong
진천군,황금농장,닭,육계,,충청북도 진천군 이월면 사곡리 97번지,36.8998102443426,127.434048731665,2026-04-07,2025-12-30,approx_address
