연번,사업장명,주사육업종,사업장소재지,등록일자,데이터기준일자
11,○○농장,종계/산란계,전라남도 나주시 봉황면 덕림리,2004-11-23,2023-01-20
12,○○농장,종계/산란계,전라남도 나주시 왕곡면 신원리,2004-11-23,2023-01-20
13,○○농장,종계/산란계,전라남도 나주시 공산면 가송리,2004-12-17,2023-01-20
36,○○팜,오리,전라남도 나주시 노안면 오정리,2005-03-14,2023-01-20
40,○○농장,오리,전라남도 나주시 산포면 내기리,2005-03-23,2023-01-20
41,○○농장,오리,전라남도 나주시 산포면 화지리,2005-03-23,2023-01-20
43,○○농장,오리,전라남도 나주시 산포면 등수리,2005-03-23,2023-01-20
44,○○농장,종계/산란계,전라남도 나주시 공산면 복용리,2005-04-06,2023-01-20
45,○○농장,종계/산란계,전라남도 나주시 공산면 복용리,2005-04-06,2023-01-20
46,○○농장,종계/산란계,전라남도 나주시 공산면 복용리,2005-04-06,2023-01-20
47,○○농장,종계/산란계,전라남도 나주시 공산면 복용리,2005-04-06,2023-01-20
48,○○양계장,종계/산란계,전라남도 나주시 공산면 복용리,2005-04-06,2023-01-20
49,○○팜,종계/산란계,전라남도 나주시 공산면 복용리,2005-04-06,2023-01-20
51,○○농원,육계,전라남도 나주시 공산면 금곡리,2005-04-06,2023-01-20
60,○○축산,육계,전라남도 나주시 다시면 문동리,2005-04-15,2023-01-20
61,○○농장,육계,전라남도 나주시 다시면 문동리,2005-04-15,2023-01-20
64,○○농장,종계/산란계,전라남도 나주시 봉황면 신동리,2005-04-28,2023-01-20
65,○○농장,종계/산란계,전라남도 나주시 봉황면 욱곡리,2005-04-28,2023-01-20
69,○○농장,육계,전라남도 나주시 동강면 곡천리,2005-05-23,2023-01-20
71,○○농장,육계,전라남도 나주시 공산면 가송리,2005-05-23,2023-01-20
72,○○농장,육계,전라남도 나주시 동강면 곡천리,2005-05-23,2023-01-20
73,○○농장,육계,전라남도 나주시 동강면 곡천리,2005-05-23,2023-01-20
74,○○농원,종계/산란계,전라남도 나주시 봉황면 옥산리,2005-05-30,2023-01-20
75,○○농장,오리,전라남도 나주시 남평읍 우산리,2005-05-30,2023-01-20
76,○○농장,육계,전라남도 나주시 남평읍 상곡리,2005-05-30,2023-01-20
77,○○농장,육계,전라남도 나주시 공산면 동촌리,2005-05-30,2023-01-20
78,○○농장,육계,전라남도 나주시 남평읍 오계리,2005-05-30,2023-01-20
79,○○농장,종계/산란계,전라남도 나주시 봉황면 송현리,2005-05-30,2023-01-20
80,○○농장,육계,전라남도 나주시 남평읍 풍림리,2005-05-30,2023-01-20
83,○○○,오리,전라남도 나주시 남평읍 우산리,2005-05-30,2023-01-20
85,○○농장,육계,전라남도 나주시 봉황면 와우리,2005-05-30,2023-01-20
86,○○농장,육계,전라남도 나주시 남평읍 오계리,2005-05-30,2023-01-20
87,○○농장,종계/산란계,전라남도 나주시 봉황면 신동리,2005-05-30,2023-01-20
88,○○농장,육계,전라남도 나주시 반남면 덕산리,2005-05-30,2023-01-20
89,○○농장,육계,전라남도 나주시 반남면 덕산리,2005-05-30,2023-01-20
90,○○농장,오리,전라남도 나주시 공산면 상방리,2005-05-30,2023-01-20
91,○○농장,육계,전라남도 나주시 공산면 상방리,2005-05-30,2023-01-20
92,○○농장,오리,전라남도 나주시 공산면 남창리,2005-05-30,2023-01-20
93,○○농장,오리,전라남도 나주시 안창동,2005-05-30,2023-01-20
94,○○농장,오리,전라남도 나주시 공산면 남창리,2005-05-30,2023-01-20
96,○○농장,종계/산란계,전라남도 나주시 공산면 남창리,2005-05-30,2023-01-20
97,○○농장,오리,전라남도 나주시 공산면 남창리,2005-05-30,2023-01-20
98,○○농장,오리,전라남도 나주시 왕곡면 송죽리,2005-05-30,2023-01-20
100,○○농장,육계,전라남도 나주시 봉황면 옥산리,2005-05-30,2023-01-20
101,○○축산,육계,전라남도 나주시 공산면 복용리,2005-05-30,2023-01-20
103,○○농장,육계,전라남도 나주시 봉황면 옥산리,2005-06-07,2023-01-20
110,○○농장,육계,전라남도 나주시 반남면 흥덕리,2005-06-07,2023-01-20
119,○○농장,종계/산란계,전라남도 나주시 다도면 덕동리,2005-06-15,2023-01-20
124,○○농장,육계,전라남도 나주시 반남면 흥덕리,2005-06-15,2023-01-20
125,○○농장,오리,전라남도 나주시 반남면 흥덕리,2005-06-15,2023-01-20
133,○○농산,오리,전라남도 나주시 봉황면 황용리,2005-06-20,2023-01-20
144,○○농장,육계,전라남도 나주시 남평읍 교원리,2005-07-08,2023-01-20
152,○○농장,육계,전라남도 나주시 봉황면 용전리,2005-07-08,2023-01-20
179,○○농장,육계,전라남도 나주시 관정동 ,2005-07-18,2023-01-20
180,○○농장,육계,전라남도 나주시 봉황면 유곡리,2005-07-18,2023-01-20
181,○○농장,육계,전라남도 나주시 봉황면 유곡리,2005-07-18,2023-01-20
205,○○농장,오리,전라남도 나주시 봉황면 황용리,2005-07-21,2023-01-20
206,○○농장,육계,전라남도 나주시 봉황면 유곡리,2005-07-21,2023-01-20
220,○○농장,육계,전라남도 나주시 봉황면 유곡리,2005-07-21,2023-01-20
224,○○농장,육계,전라남도 나주시 문평면 국동리,2005-07-26,2023-01-20
238,○○농장,오리,전라남도 나주시 남평읍 교원리,2005-07-26,2023-01-20
246,○○농장,육계,전라남도 나주시 반남면 흥덕리,2005-08-03,2023-01-20
286,○○농장,육계,전라남도 나주시 동수동 93번,2005-08-08,2023-01-20
287,○○농장,오리,전라남도 나주시 오량동 ,2005-08-08,2023-01-20
306,○○농장,오리,전라남도 나주시 왕곡면 덕산리,2005-08-11,2023-01-20
307,○○농장,육계,전라남도 나주시 금천면 월산리,2005-08-11,2023-01-20
317,○○농장,오리,전라남도 나주시 왕곡면 신가리,2005-08-11,2023-01-20
318,○○농장,육계,전라남도 나주시 다시면 동곡리,2005-08-11,2023-01-20
319,○○농장,오리,전라남도 나주시 다시면 동곡리,2005-08-11,2023-01-20
323,○○농장,육계,전라남도 나주시 산포면 매성리,2005-08-11,2023-01-20
336,○○농장,육계,전라남도 나주시 금천면 죽촌리,2005-08-23,2023-01-20
337,○○농장,육계,전라남도 나주시 금천면 월산리,2005-08-23,2023-01-20
339,○○농장,오리,전라남도 나주시 왕곡면 장산리,2005-08-23,2023-01-20
352,○○농장,종계/산란계,전라남도 나주시 다시면 청정리,2005-08-30,2023-01-20
353,○○축산,오리,전라남도 나주시 다시면 문동리,2005-08-30,2023-01-20
354,행복한 토종닭,육계,전라남도 나주시 다시면 가운리,2005-08-30,2023-01-20
358,○○팜,종계/산란계,전라남도 나주시 석현동 ,2005-08-30,2023-01-20
363,○○농장,육계,전라남도 나주시 문평면 옥당리,2005-09-13,2023-01-20
366,○○농장,육계,전라남도 나주시 공산면 중포리,2005-09-13,2023-01-20
390,○○농장,오리,전라남도 나주시 반남면 대안리,2005-10-18,2023-01-20
394,○○농장,오리,전라남도 나주시 세지면 성산리,2005-11-01,2023-01-20
398,○○농장,육계,전라남도 나주시 세지면 성산리,2005-11-01,2023-01-20
402,○○농장,육계,전라남도 나주시 문평면 북동리,2005-11-01,2023-01-20
407,○○농장,육계,전라남도 나주시 평산동 ,2005-11-08,2023-01-20
408,○○농장,육계,전라남도 나주시 반남면 청송리,2005-11-08,2023-01-20
420,○○양계장,종계/산란계,전라남도 나주시 봉황면 장성리,2005-11-28,2023-01-20
430,○○농장,오리,전라남도 나주시 남평읍 평산리,2005-12-13,2023-01-20
432,○○농장,오리,전라남도 나주시 남평읍 풍림리,2005-12-13,2023-01-20
435,○○농장,오리,전라남도 나주시 반남면 흥덕리,2005-12-13,2023-01-20
436,○○농장,오리,전라남도 나주시 관정동 ,2005-12-13,2023-01-20
437,○○농장,육계,전라남도 나주시 문평면 학동리,2005-12-13,2023-01-20
445,○○농장,육계,전라남도 나주시 반남면 청송리,2005-12-27,2023-01-20
475,○○농장,종계/산란계,전라남도 나주시 봉황면 옥산리,2006-01-18,2023-01-20
494,○○농장,육계,전라남도 나주시 문평면 계로리,2006-07-13,2023-01-20
496,○○농장,육계,전라남도 나주시 남평읍 우산리,2006-08-16,2023-01-20
501,○○농장,오리,전라남도 나주시 공산면 가송리,2006-10-04,2023-01-20
504,○○농장,오리,전라남도 나주시 왕곡면 덕산리,2006-11-01,2023-01-20
509,○○농장,종계/산란계,전라남도 나주시 다도면 신동리,2007-01-31,2023-01-20
513,○○농장,오리,전라남도 나주시 공산면 상방리,2007-03-20,2023-01-20
524,○○농장,오리,전라남도 나주시 공산면 남창리,2007-05-04,2023-01-20
525,○○농장,육계,전라남도 나주시 송촌동 ,2007-05-09,2023-01-20
537,○○농장,오리,전라남도 나주시 반남면 덕산리,2007-07-16,2023-01-20
548,○○농장,종계/산란계,전라남도 나주시 다도면 신동리,2007-11-28,2023-01-20
558,○○농장,오리,전라남도 나주시 남평읍 교촌리,2008-01-31,2023-01-20
561,○○농장,오리,전라남도 나주시 반남면 흥덕리,2008-02-20,2023-01-20
564,○○농장,육계,전라남도 나주시 남평읍 오계리,2008-02-29,2023-01-20
572,○○농장,육계,전라남도 나주시 다도면 신동리,2008-04-04,2023-01-20
583,○○농장,오리,전라남도 나주시 세지면 송제리,2008-04-10,2023-01-20
608,○○농장,오리,전라남도 나주시 남평읍 우산리,2008-04-23,2023-01-20
610,○○농장,오리,전라남도 나주시 왕곡면 신원리,2008-04-24,2023-01-20
611,○○농장,오리,전라남도 나주시 남평읍 우산리,2008-04-24,2023-01-20
614,○○농장,오리,전라남도 나주시 왕곡면 송죽리,2008-05-09,2023-01-20
619,○○농장,오리,전라남도 나주시 동강면 대전리,2008-05-13,2023-01-20
621,○○농장,오리,전라남도 나주시 세지면 성산리,2008-05-19,2023-01-20
624,○○농장,오리,전라남도 나주시 반남면 흥덕리,2008-06-04,2023-01-20
625,○○농장,육계,전라남도 나주시 동강면 양지리,2008-06-04,2023-01-20
627,정장원,오리,전라남도 나주시 동강면 양지리,2008-06-04,2023-01-20
628,○○농장,오리,전라남도 나주시 동강면 장동리,2008-06-04,2023-01-20
629,○○농장,오리,전라남도 나주시 동강면 장동리,2008-06-04,2023-01-20
631,○○농장,오리,전라남도 나주시 반남면 덕산리,2008-06-13,2023-01-20
632,○○농장,육계,전라남도 나주시 세지면 교산리,2008-06-13,2023-01-20
793,○○농원,오리,전라남도 나주시 동강면 장동리,2008-08-08,2023-01-20
805,○○농장,오리,전라남도 나주시 세지면 교산리,2008-09-02,2023-01-20
814,○○농장,오리,전라남도 나주시 세지면 교산리,2008-12-08,2023-01-20
818,○○농장,오리,전라남도 나주시 산포면 내기리,2009-01-09,2023-01-20
892,○○농장,오리,전라남도 나주시 산포면 덕례리,2009-05-22,2023-01-20
893,○○농장,육계,전라남도 나주시 동수동 ,2009-05-22,2023-01-20
895,광동양계장,육계,전라남도 나주시 반남면 청송리,2009-06-08,2023-01-20
900,○○농장,오리,전라남도 나주시 남평읍 평산리,2009-07-21,2023-01-20
901,○○농장,오리,전라남도 나주시 남평읍 오계리,2009-07-21,2023-01-20
905,○○농장,종계/산란계,전라남도 나주시 공산면 복용리,2009-09-11,2023-01-20
909,○○농장,오리,전라남도 나주시 세지면 성산리,2009-10-23,2023-01-20
913,○○농장,오리,전라남도 나주시 세지면 죽동리,2009-11-20,2023-01-20
924,○○농장,오리,전라남도 나주시 반남면 덕산리,2010-01-29,2023-01-20
934,○○농장,오리,전라남도 나주시 동강면 장동리,2010-03-17,2023-01-20
936,○○농장,오리,전라남도 나주시 세지면 내정리,2010-04-06,2023-01-20
955,○○농장,오리,전라남도 나주시 동강면 진천리,2010-09-14,2023-01-20
960,○○농장,오리,전라남도 나주시 반남면 청송리,2010-10-05,2023-01-20
966,○○farm,육계,전라남도 나주시 왕곡면 송죽리,2010-11-22,2023-01-20
974,○○농장,오리,전라남도 나주시 산포면 내기리,2011-01-18,2023-01-20
977,○○농장,오리,전라남도 나주시 공산면 동촌리,2011-01-28,2023-01-20
981,○○축산,오리,전라남도 나주시 남평읍 평산리,2011-02-14,2023-01-20
982,○○농장,오리,전라남도 나주시 왕곡면 장산리,2011-02-14,2023-01-20
985,○○농장,육계,전라남도 나주시 산포면 매성리,2011-02-14,2023-01-20
989,○○농장,오리,전라남도 나주시 동강면 장동리,2011-03-02,2023-01-20
995,○○농장,육계,전라남도 나주시 반남면 흥덕리,2011-03-02,2023-01-20
997,○○농장,육계,전라남도 나주시 공산면 상방리,2011-03-20,2023-01-20
998,○○농장,종계/산란계,전라남도 나주시 봉황면 죽석리,2011-03-30,2023-01-20
1001,○○농장,오리,전라남도 나주시 세지면 죽동리,2011-04-04,2023-01-20
1004,○○농장,오리,전라남도 나주시 세지면 송제리,2011-04-07,2023-01-20
1006,○○농장,오리,전라남도 나주시 봉황면 송현리,2011-04-10,2023-01-20
1010,○○농장,오리,전라남도 나주시 세지면 죽동리,2011-04-13,2023-01-20
1013,○○농장,오리,전라남도 나주시 공산면 상방리,2011-05-13,2023-01-20
1014,○○농장,오리,전라남도 나주시 세지면 내정리,2011-05-16,2023-01-20
1015,○○농장,오리,전라남도 나주시 노안면 유곡리,2011-05-16,2023-01-20
1018,○○농장,오리,전라남도 나주시 왕곡면 신원리,2011-05-18,2023-01-20
1029,○○농장,오리,전라남도 나주시 영산동 ,2011-07-27,2023-01-20
1034,○○농장,오리,전라남도 나주시 반남면 덕산리,2011-09-23,2023-01-20
1037,○○농장,육계,전라남도 나주시 남평읍 우산리,2011-10-06,2023-01-20
1039,○○농장,오리,전라남도 나주시 관정동 ,2011-10-06,2023-01-20
1041,○○농장,육계,전라남도 나주시 남평읍 교원리,2011-11-02,2023-01-20
1043,○○농장,오리,전라남도 나주시 남평읍 교원리,2011-11-21,2023-01-20
1044,○○농장,오리,전라남도 나주시 세지면 죽동리,2011-11-21,2023-01-20
1066,○○농장,오리,전라남도 나주시 동강면 곡천리,2012-03-13,2023-01-20
1079,○○농장,오리,전라남도 나주시 동강면 장동리,2012-05-25,2023-01-20
1084,○○농장,오리,전라남도 나주시 세지면 죽동리,2012-06-04,2023-01-20
1089,○○농장,육계,전라남도 나주시 관정동,2012-08-14,2023-01-20
1090,○○축산,육계,전라남도 나주시 반남면 덕산리,2012-08-17,2023-01-20
1091,○○농장,육계,전라남도 나주시 공산면 동촌리,2012-08-20,2023-01-20
1092,○○농장,오리,전라남도 나주시 동강면 진천리,2012-08-28,2023-01-20
1150,○○농장,오리,전라남도 나주시 남평읍 교촌리,2013-02-01,2023-01-20
1153,○○농장,육계,전라남도 나주시 문평면 옥당리,2013-02-04,2023-01-20
1163,○○농장,육계,전라남도 나주시 동강면 곡천리,2013-02-20,2023-01-20
1173,○○농장,육계,전라남도 나주시 반남면 덕산리,2013-03-11,2023-01-20
1182,○○농장,육계,전라남도 나주시 문평면 국동리,2013-04-02,2023-01-20
1189,행복한농사꾼,종계/산란계,전라남도 나주시 노안면 양천리,2013-04-11,2023-01-20
1192,○○농장,오리,전라남도 나주시 세지면 죽동리,2013-04-17,2023-01-20
1228,○○법인,오리,전라남도 나주시 다시면 문동리,2013-08-28,2023-01-20
1262,○○농장,오리,전라남도 나주시 반남면 신촌리,2013-12-02,2023-01-20
1263,○○농장,오리,전라남도 나주시 반남면 신촌리,2013-12-02,2023-01-20
1265,○○농장,오리,전라남도 나주시 반남면 성계리,2013-12-02,2023-01-20
1287,알파쓰리,오리,전라남도 나주시 왕곡면 화정리,2013-12-12,2023-01-20
1317,관상조류마을,육계,전라남도 나주시 봉황면 신동리,2014-01-14,2023-01-20
1353,○○농장,육계,전라남도 나주시 산포면 매성리,2014-01-22,2023-01-20
1465,○○농원,육계,전라남도 나주시 다도면 판촌리,2014-04-22,2023-01-20
1466,○○농장,오리,전라남도 나주시 공산면 남창리,2014-05-27,2023-01-20
1470,○○농장,오리,전라남도 나주시 왕곡면 월천리,2014-07-04,2023-01-20
1477,○○농장,육계,전라남도 나주시 다도면 암정리,2014-07-17,2023-01-20
1483,○○농장,오리,전라남도 나주시 다시면 송촌리,2014-08-18,2023-01-20
1487,○○농장,오리,전라남도 나주시 반남면 대안리,2014-09-02,2023-01-20
1492,○○축산,오리,전라남도 나주시 남평읍 풍림리,2014-10-20,2023-01-20
1493,○○농장,육계,전라남도 나주시 공산면 상방리,2014-10-22,2023-01-20
1495,○○농장,육계,전라남도 나주시 세지면 벽산리,2014-12-24,2023-01-20
1497,○○농장,오리,전라남도 나주시 왕곡면 송죽리,2015-01-15,2023-01-20
1499,○○농장,육계,전라남도 나주시 동강면 곡천리,2015-02-15,2023-01-20
1501,○○농장,육계,전라남도 나주시 다도면 신동리,2015-03-09,2023-01-20
1505,○○농장,육계,전라남도 나주시 관정동 ,2015-05-18,2023-01-20
1511,○○농장,오리,전라남도 나주시 반남면 덕산리,2015-07-16,2023-01-20
1513,○○농장,육계,전라남도 나주시 산포면 산제리,2015-09-15,2023-01-20
1514,○○농장,육계,전라남도 나주시 남평읍 노동리,2015-09-15,2023-01-20
1516,○○농장,육계,전라남도 나주시 반남면 흥덕리,2015-09-25,2023-01-20
1527,○○농장,육계,전라남도 나주시 남평읍 남석리,2016-01-11,2023-01-20
1534,○○농장,오리,전라남도 나주시 세지면 죽동리,2016-04-08,2023-01-20
1537,○○농장,오리,전라남도 나주시 세지면 동곡리,2016-06-02,2023-01-20
1540,○○농장,오리,전라남도 나주시 봉황면 오림리,2016-07-14,2023-01-20
1543,○○농장,육계,전라남도 나주시 왕곡면 송죽리,2016-07-27,2023-01-20
1548,○○농장,오리,전라남도 나주시 산포면 화지리,2016-08-12,2023-01-20
1552,○○농장,육계,전라남도 나주시 공산면 화성리,2016-10-26,2023-01-20
1554,○○농장,오리,전라남도 나주시 다도면 덕동리,2016-12-01,2023-01-20
1565,○○농장,오리,전라남도 나주시 동강면 곡천리,2017-01-13,2023-01-20
1574,○○농장,육계,전라남도 나주시 왕곡면 송죽리,2017-03-20,2023-01-20
1576,○○축산,육계,전라남도 나주시 다도면 방산리,2017-03-28,2023-01-20
1577,○○농장,육계,전라남도 나주시 왕곡면 화정리,2017-04-10,2023-01-20
1579,○○농장,육계,전라남도 나주시 남평읍 우산리,2017-05-08,2023-01-20
1582,○○농장,오리,전라남도 나주시 세지면 죽동리,2017-05-25,2023-01-20
1583,○○농장,오리,전라남도 나주시 세지면 죽동리,2017-05-25,2023-01-20
1592,○○농장,오리,전라남도 나주시 남평읍 우산리,2017-07-05,2023-01-20
1601,○○농장,종계/산란계,전라남도 나주시 공산면 복용리,2017-08-28,2023-01-20
1602,○○농장,오리,전라남도 나주시 세지면 오봉리,2017-09-04,2023-01-20
1619,○○양계,종계/산란계,전라남도 나주시 세지면 교산리,2017-11-23,2023-01-20
1638,○○농장,오리,전라남도 나주시 반남면 흥덕리,2018-02-13,2023-01-20
1639,○○농장,오리,전라남도 나주시 다도면 덕동리,2018-02-14,2023-01-20
1641,○○농장,종계/산란계,전라남도 나주시 문평면 송산리,2018-02-20,2023-01-20
1642,○○농장,육계,전라남도 나주시 남평읍 우산리,2018-03-05,2023-01-20
1652,가송,오리,전라남도 나주시 공산면 가송리,2018-04-06,2023-01-20
1653,○○오리,오리,전라남도 나주시 세지면 성산리,2018-04-16,2023-01-20
1658,○○농장,육계,전라남도 나주시 공산면 중포리,2018-05-15,2023-01-20
1660,○○농장,육계,전라남도 나주시 봉황면 옥산리,2018-05-23,2023-01-20
1661,○○팜,종계/산란계,전라남도 나주시 공산면 복용리,2018-05-30,2023-01-20
1669,○○농장,육계,전라남도 나주시 세지면 성산리,2018-07-12,2023-01-20
1678,○○농장,종계/산란계,전라남도 나주시 봉황면 유곡리,2018-08-06,2023-01-20
1697,○○농장,오리,전라남도 나주시 공산면 가송리,2018-12-20,2023-01-20
1712,○○farm,육계,전라남도 나주시 세지면 교산리,2019-03-21,2023-01-20
1720,○○농장,육계,전라남도 나주시 공산면 복용리,2019-04-17,2023-01-20
1721,○○농장,오리,전라남도 나주시 동강면 장동리,2019-04-17,2023-01-20
1722,○○농원,오리,전라남도 나주시 동강면 월양리,2019-04-24,2023-01-20
1726,○○농장,기러기,전라남도 나주시 동수동 14번,2019-05-03,2023-01-20
1738,행복한농사꾼,종계/산란계,전라남도 나주시 노안면 양천리,2019-06-13,2023-01-20
1747,○○농장,육계,전라남도 나주시 공산면 중포리,2019-07-25,2023-01-20
1748,○○농장,오리,전라남도 나주시 공산면 가송리,2019-07-25,2023-01-20
1763,○○농장,오리,전라남도 나주시 세지면 송제리,2019-10-22,2023-01-20
1771,○○○,오리,전라남도 나주시 공산면 동촌리,2019-11-22,2023-01-20
1777,○○농장,오리,전라남도 나주시 동강면 장동리,2019-12-30,2023-01-20
1847,○○농장,오리,전라남도 나주시 세지면 내정리,2020-12-29,2023-01-20
1849,○○농장,오리,전라남도 나주시 다시면 동곡리,2021-01-06,2023-01-20
1946,유한회사 ○○○,육계,전라남도 나주시 다시면 송촌리,2022-10-05,2023-01-20
1959,○○농장,육계,전라남도 나주시 봉황면 황용리,2005-05-30,2023-01-20
1981,○○농장,오리,전라남도 나주시 산포면 덕례리,2005-09-27,2023-01-20
1986,○○농장,오리,전라남도 나주시 산포면 덕례리,2005-11-01,2023-01-20
1995,○○농장,육계,전라남도 나주시 봉황면 유곡리,2006-03-08,2023-01-20
1996,○○농장,오리,전라남도 나주시 공산면 남창리,2007-05-29,2023-01-20
1999,○○농장,육계,전라남도 나주시 다도면 마산리,2008-01-10,2023-01-20
2001,○○농장,오리,전라남도 나주시 공산면 화성리,2008-06-20,2023-01-20
2026,○○농장,오리,전라남도 나주시 노안면 도산리,2011-12-30,2023-01-20
2046,○○농장,메추리,전라남도 나주시 다도면 풍산리,2018-01-05,2023-01-20
2054,○○농장,종오리업,전라남도 나주시 반남면 흥덕리,2009-03-13,2023-01-20
2055,○○농원,종오리업,전라남도 나주시 동강면 장동리,2009-12-23,2023-01-20
2056,○○농장,종계업,전라남도 나주시 봉황면 유곡리,2010-02-17,2023-01-20
2057,○○농원,종오리업,전라남도 나주시 동강면 대전리,2010-05-07,2023-01-20
2058,○○농장,종오리업,전라남도 나주시 동강면 장동리,2010-05-31,2023-01-20
2059,○○농장,종오리업,전라남도 나주시 반남면 흥덕리,2010-07-07,2023-01-20
2060,○○농장,종오리업,전라남도 나주시 노안면 오정리,2010-07-07,2023-01-20
2061,○○축산,종오리업,전라남도 나주시 다시면 문동리,2011-07-01,2023-01-20
2062,경주부화장,종오리업,전라남도 나주시 동강면 장동리,2011-12-20,2023-01-20
2063,○○농장,종계업,전라남도 나주시 봉황면 유곡리,2013-01-24,2023-01-20
2064,○○농장,종오리업,전라남도 나주시 노안면 유곡리,2015-10-21,2023-01-20
2065,○○농장,종오리업,전라남도 나주시 동강면 장동리,2015-12-02,2023-01-20
2066,○○농장,종오리업,전라남도 나주시 동강면 장동리,2015-12-02,2023-01-20
2067,○○축산,종계업,전라남도 나주시 동수동,2017-06-09,2023-01-20
2068,○○농장,종오리업,전라남도 나주시 남평읍 상곡리,2019-08-08,2023-01-20
2069,○○농장,종오리업,전라남도 나주시 동강면 장동리,2022-10-05,2023-01-20
