번호,농장명,축종,사육수,지번주소,도로명주소
1,봉림농장,육계,85000,전라남도 장흥군 장평면 봉림리 17번지  ,
2,삼산양계장,육계,65000,전라남도 장흥군 장흥읍 삼산리 산 92번지 5호  ,전라남도 장흥군 장흥읍 기산외기길 11-127
3,민주농장,육계,70000,전라남도 장흥군 용산면 계산리 415번지 1호  ,전라남도 장흥군 용산면 계산율리길 79
4,,육계,40000,전라남도 장흥군 용산면 월송리 546번지  ,전라남도 장흥군 용산면 조선백자길 385-96
5,한일농장,육계,128232,"전라남도 장흥군 용산면 상금리 262번지 7호 , 262-18 ",전라남도 장흥군 용산면 접정남포로 248-4
6,,육계,44000,전라남도 장흥군 장동면 하산리 85번지 1호  ,전라남도 장흥군 장동면 흥성로 1230-41
7,한우리농장,오리,32000,"전라남도 장흥군 용산면 풍길리 581번지 8호 , 581-9, 589, 581-20, 582, 583, 584, 584-1, 585, 산248-1번지 ",
8,민성이슬마루오리농장,오리,22000,전라남도 장흥군 부산면 기동리 342번지 1호  ,
9,대성축산1농장,오리,15000,전라남도 장흥군 회진면 덕산리 2111번지 3호  ,
10,산들농장,오리,22000,"전라남도 장흥군 부산면 용반리 76번지 1호 , 76-2, 76-3, 76-4 ",
11,,육계,57000,전라남도 장흥군 관산읍 죽청리 269번지 4호  ,전라남도 장흥군 관산읍 죽청1길 47-39
12,수락양계장,육계,71000,전라남도 장흥군 안양면 수락리 50번지 7호  ,
13,사안농장,육계,45000,"전라남도 장흥군 장흥읍 사안리 104, 105-1, 106, 189-1, 190, 433-5, 433-7번지 ",
14,송은농장,오리,33000,전라남도 장흥군 용산면 상금리 88번지 1호  ,전라남도 장흥군 용산면 송전길 64
15,포곡농장,오리,31500,전라남도 장흥군 용산면 모산리 573번지 1호  ,전라남도 장흥군 용산면 모산포곡로 290
16,풍길 오리농장,오리,13000,전라남도 장흥군 용산면 풍길리 산 72번지  ,전라남도 장흥군 용산면 접정남포로 732
17,현이농장,오리,18400,전라남도 장흥군 장평면 등촌리 443번지  ,
18,부드리 오리농장,오리,15000,"전라남도 장흥군 장평면 양촌리 88-14,88-16,88-17,88-18,88-19,88-20,88-23,88-24,-25,-26,-174 ",
19,대성농장,오리,30000,전라남도 장흥군 부산면 호계리 172번지 외 4필지 ,전라남도 장흥군 부산면 흥성로 838-250 (외 4필지)
20,곰치농장,오리,17000,전라남도 장흥군 장평면 청용리 919번지 4호 외 1필지(919-3 번지) ,전라남도 장흥군 장평면 곰치로 1032-111
21,영진오리농장,오리,15000,전라남도 장흥군 장평면 청용리 919번지 5호  ,전라남도 장흥군 장평면 곰치로 1032-113
22,감나무재관광농원,육계,815,전라남도 장흥군 장동면 하산리 11번지  ,
23,믿음오리농장,오리,12000,전라남도 장흥군 장평면 기동리 712번지 1호  ,전라남도 장흥군 장평면 제산기동로 189
24,마장골,오리,19700,전라남도 장흥군 회진면 회진리 1331번지  ,
25,부산농장,오리,9000,전라남도 장흥군 부산면 기동리 344번지 1호 외 1필지 ,전라남도 장흥군 부산면 부춘기동길 183-20
26,풍년오리농장,오리,14000,전라남도 장흥군 부산면 기동리 345번지 6호  ,전라남도 장흥군 부산면 부춘기동길 183-33
27,우리농장,오리,12000,전라남도 장흥군 회진면 회진리 1355번지 외3필지 ,
28,형제농장,오리,27760,전라남도 장흥군 용산면 풍길리  ,전라남도 장흥군 용산면 두암신풍길 23-42
29,우산오리농장,오리,13000,전라남도 장흥군 장평면 우산리 456번지 2호  ,전라남도 장흥군 장평면 노루목길 37-62
30,,육계,38000,전라남도 장흥군 안양면 모령리 623번지 3호  ,전라남도 장흥군 안양면 지천1길 11-61
31,,오리,16000,전라남도 장흥군 회진면 회진리 2166번지 1호 2166-2 ,
32,소망농장,오리,9000,전라남도 장흥군 장평면 기동리 712번지 8호  ,
33,석정농장,오리,27000,전라남도 장흥군 장평면 기동리 959번지 1호 외 4필지 ,
34,마미농장,오리,9000,전라남도 장흥군 부산면 기동리 345번지 4호  ,전라남도 장흥군 부산면 부춘기동길 183-45
35,대한농장,오리,10000,전라남도 장흥군 부산면 기동리 345번지 5호  ,전라남도 장흥군 부산면 부춘기동길 183-33
36,회진오리1농장,오리,14100,전라남도 장흥군 회진면 회진리 1357번지  ,
37,모산농장,오리,18000,전라남도 장흥군 용산면 모산리 30번지 10호 외1필지 ,
38,,오리,10000,전라남도 장흥군 부산면 기동리 344번지 5호  ,
39,주한농장,오리,11500,전라남도 장흥군 부산면 유량리 392번지 393번지 ,전라남도 장흥군 부산면 부유로 187 (393번지)
40,장흥팜스농장,종계/산란계,20000,"전라남도 장흥군 장평면 축내리 696번지 1호 , 694, 697-3, 694-2, 694-3 ",
41,태양오리,오리,10000,전라남도 장흥군 장평면 기동리 691번지  ,전라남도 장흥군 장평면 제산기동로 191
42,,육계,500,전라남도 장흥군 장흥읍 평화리 35번지 4호 외 1필지 ,전라남도 장흥군 장흥읍 내평길 47 (외 1필지)
43,명수농장,오리,16000,전라남도 장흥군 장동면 북교리 782번지 6호  ,전라남도 장흥군 장동면 중하방이길 91
44,삼화농장,육계,82000,전라남도 장흥군 회진면 회진리 1443번지 2호  ,전라남도 장흥군 회진면 회진로 109
45,덕암농장,오리,20000,전라남도 장흥군 용산면 덕암리 439번지 8호 외 1필지 ,
46,은비치농장,오리,58600,"전라남도 장흥군 안양면 수문리 327번지 4호 , 사촌리 33-1, 33-2, 33-3, 33-4 ",
47,나평농장,육계,61000,"전라남도 장흥군 장평면 기동리 401-5, 401-6, 401-7번지 ",
48,여의동농장,육계,250000,전라남도 장흥군 장평면 등촌리 297번지  ,전라남도 장흥군 장평면 여의길 153-133
49,곰치2농장,오리,25000,전라남도 장흥군 장평면 청용리 896번지 외 2필지 ,전라남도 장흥군 장평면 곰치로 1032-15 (외 2필지)
50,으뜸농장,오리,34500,전라남도 장흥군 용산면 덕암리 459번지 2호 외 4필지 ,
51,벧엘농장,오리,10000,전라남도 장흥군 장동면 북교리 350번지  ,
52,회진오리2농장,오리,7200,전라남도 장흥군 회진면 회진리 1334번지 외 2필지 ,
53,희망농장,오리,9800,"전라남도 장흥군 용산면 풍길리 7번지 , 947-1, 600-5번지 ",
54,영섭농장,오리,11500,전라남도 장흥군 부산면 유량리 276번지 외 1필지 ,
55,미애농장,오리,3400,전라남도 장흥군 장평면 기동리 696번지  ,
56,인암농원,종계/산란계,1500,전라남도 장흥군 유치면 조양리 859번지 2호  ,
57,행복을 farm,종계/산란계,300,전라남도 장흥군 장평면 축내리 718번지  ,
58,금강농장,육계,48000,전라남도 장흥군 장흥읍 사안리 411번지  ,전라남도 장흥군 장흥읍 장강로 278-38
59,해오름 오리농장,오리,17000,"전라남도 장흥군 장평면 양촌리 605-3, 605-4, 605-5번지 ",
60,장흥 장강 농장,육계,124000,전라남도 장흥군 장흥읍 사안리 450번지  ,전라남도 장흥군 장흥읍 장강로 278-35
61,박성진,오리,11000,전라남도 장흥군 용산면 접정리 304번지 8호  ,
62,곰치농장,오리,17000,전라남도 장흥군 장평면 청용리 896번지 4호  ,
63,벧엘농장,오리,10000,전라남도 장흥군 장동면 북교리 350번지 2호  ,전라남도 장흥군 장동면 정암학산길 37-254
64,대성축산2농장,오리,10000,"전라남도 장흥군 회진면 덕산리 2110-2번지(오리사), 2111-5번지(퇴비사) ",
