farm_id,farm_code,name,address,lat,lng,livestock_type,livestock_count,livestock_unit,created_at,updated_at
f0fae0705acd9640265a6c1a9e1076ca,ANSEONG-001,(주)한강식품 안성농장,경기도 안성시 발화대길 301-52(중리동),36.9789954496,127.2892823291,닭-육계,70000,마리,2026-07-03 22:48:34+09:00,2026-07-03 22:50:53+09:00
a4f154b758f9e4c457f478aaab8d906c,ANSEONG-002,NES농장,경기도 안성시 일죽면 국동길 78-86,37.1118797316,127.5022371094,닭-산란계,100000,마리,2026-07-03 22:48:34+09:00,2026-07-03 22:50:53+09:00
c9fb7e20e7eab019c76f2ca00e7a4ef6,ANSEONG-003,NES농장,경기도 안성시 일죽면 능국리 7번지 1호,37.1112428218,127.5016995946,닭-산란계,100000,마리,2026-07-03 22:48:34+09:00,2026-07-03 22:50:53+09:00
4d46e2be76469f0a60197292f7abd407,ANSEONG-004,NES농장2,경기도 안성시 일죽면 국동길 78-64,37.1109633919,127.4999775192,닭-산란계,110000,마리,2026-07-03 22:48:34+09:00,2026-07-03 22:50:53+09:00
6e05c82fe9186a2a9c57fd5299ea5dda,ANSEONG-005,NES농장2,경기도 안성시 일죽면 능국리 4번지 외 1필지(4-2),37.1110625487,127.5001463497,닭-산란계,110000,마리,2026-07-03 22:48:34+09:00,2026-07-03 22:50:53+09:00
44faf3bc2d2e3f21a9a12409797e966e,ANSEONG-006,가이안농장,경기도 안성시 보개면 기좌리 124번지 1호,37.0354397,127.2918503,오리,9000,마리,2026-07-03 22:48:34+09:00,2026-07-03 22:50:53+09:00
2f1a3eb41b87b0e32bd9533d13b9b7e6,ANSEONG-007,가족농장,경기도 안성시 미양면 고지리 574번지 2호,36.9584163,127.2047427,오리,3000,마리,2026-07-03 22:48:34+09:00,2026-07-03 22:50:53+09:00
532817c4884617d95e0aa65dcefbe800,ANSEONG-008,가족농장,경기도 안성시 미양면 고지리 574번지 2호 외 1필지,36.9585780201,127.2048001246,닭-육계,14000,마리,2026-07-03 22:48:34+09:00,2026-07-03 22:50:53+09:00
ec1e101e69d93c47b1d6e31de7db9ec6,ANSEONG-009,강덕농장,경기도 안성시 미양면 강덕3길 23,36.9509465581,127.2251590035,닭-종계,48950,마리,2026-07-03 22:48:34+09:00,2026-07-03 22:50:53+09:00
017a822b76b5661d869918cd00563ec9,ANSEONG-010,강덕농장,경기도 안성시 미양면 강덕리 101번지 6호 외1필지(101-4),36.9509465581,127.2251590035,닭-육계,45500,마리,2026-07-03 22:48:34+09:00,2026-07-03 22:50:53+09:00
5fa787ad24551832326e3f03b4e4dcce,ANSEONG-011,강릉농장,경기도 안성시 일죽면 금산리 134번지,37.0659694418826,127.500261843057,닭-육계,55000,마리,2026-07-03 22:48:34+09:00,2026-07-03 22:50:53+09:00
473d0d2739d98200d52cfc3f6b698b90,ANSEONG-012,경기농장,경기도 안성시 원곡면 기업단지로 237-30,37.0158883157,127.1597708929,닭-산란계,27800,마리,2026-07-03 22:48:34+09:00,2026-07-03 22:50:53+09:00
68b0e3b8ccac9608af5f8f09a10d9076,ANSEONG-013,경기농장,경기도 안성시 원곡면 반제리 430번지 외1필지,37.0158883157,127.1597708929,닭-산란계,30000,마리,2026-07-03 22:48:34+09:00,2026-07-03 22:50:53+09:00
d1516938416c962ee97549423a3d0ca1,ANSEONG-014,경남축산,경기도 안성시 원곡면 외가천리 142번지 25호,37.0413265,127.1394754,닭-육계,54000,마리,2026-07-03 22:48:34+09:00,2026-07-03 22:50:53+09:00
8cd2f7a51da1c980654c572439e9fc0a,ANSEONG-015,경운농장,경기도 안성시 일죽면 장암리 237번지 5호,37.0714123054903,127.464709743288,닭-종계,27000,마리,2026-07-03 22:48:34+09:00,2026-07-03 22:50:53+09:00
0f7b702cfed3d09407297a29003322f4,ANSEONG-016,경원농장,경기도 안성시 삼죽면 내장리 211번지,37.0803889995,127.3989900677,닭-산란계,5000,마리,2026-07-03 22:48:34+09:00,2026-07-03 22:50:53+09:00
f549b5c17d9695498a4d38fc160dc4a7,ANSEONG-017,경훈농장,경기도 안성시 미양면 고지리 520번지,36.9624672354,127.2100760502,닭-산란계,10000,마리,2026-07-03 22:48:34+09:00,2026-07-03 22:50:53+09:00
1dc526f1abaf6f7cbc528c786814a3ba,ANSEONG-018,계림농원,경기도 안성시 서운면 서미로 141-107,36.9312256739,127.2129095868,닭-육계,50000,마리,2026-07-03 22:48:34+09:00,2026-07-03 22:50:53+09:00
1f1a19cc5c5a255141718055e1de7f2c,ANSEONG-019,계림농원,경기도 안성시 서운면 현매리 628번지 1호,36.9304724856,127.2128135576,닭-육계,50000,마리,2026-07-03 22:48:34+09:00,2026-07-03 22:50:53+09:00
3b55af9e84d0d6168c4c91fecc706365,ANSEONG-020,관희농장,"경기도 안성시 보개면 양복리 694번지 외 2필지(693-4,695-1)",37.0121353,127.3108971,오리,12000,마리,2026-07-03 22:48:34+09:00,2026-07-03 22:50:53+09:00
0b2af71a40a541aabe0fe5f078298e01,ANSEONG-021,구수리 농장,경기도 안성시 미양면 구수리 45번지 3호,36.9731646,127.2574632,닭-육계,140000,마리,2026-07-03 22:48:34+09:00,2026-07-03 22:50:53+09:00
ce417d8e986c9e04671c2c2a0921d3eb,ANSEONG-022,구오농장,경기도 안성시 서운면 신능리 141번지 1호,36.9661681336,127.2746910468,닭-육계,55000,마리,2026-07-03 22:48:34+09:00,2026-07-03 22:50:53+09:00
647d80a6a160423850282c12d8369df8,ANSEONG-023,구오농장,경기도 안성시 서운면 신동촌길 68-21,36.9661687822817,127.274694483757,닭-육계,55000,마리,2026-07-03 22:48:34+09:00,2026-07-03 22:50:53+09:00
b22d3660b5320ad72ef42989d9adb705,ANSEONG-024,구칠농장,"경기도 안성시 미양면 고지1길 131-52, (위쪽축사)",36.9556448836,127.2220532058,닭-산란계,0,마리,2026-07-03 22:48:34+09:00,2026-07-03 22:50:53+09:00
c2c76c8609570c3f6c9dfceaf3b2cc09,ANSEONG-025,구칠농장,경기도 안성시 미양면 고지리 69번지 4호,36.9550611,127.2217999,닭-산란계,83720,마리,2026-07-03 22:48:34+09:00,2026-07-03 22:50:53+09:00
31f338423fbbbf41e9a15ab684885c8f,ANSEONG-026,구칠농장,경기도 안성시 미양면 고지리 69번지 4호 (위쪽축사),36.9556448836,127.2220532058,닭-육계,80000,마리,2026-07-03 22:48:34+09:00,2026-07-03 22:50:53+09:00
2402a6491e57fa56e20f7d7d770b621f,ANSEONG-027,금강농장,경기도 안성시 미양면 강덕리 12번지 1호 외4필지,36.9601157,127.2315719,닭-육계,10000,마리,2026-07-03 22:48:34+09:00,2026-07-03 22:50:53+09:00
2b41b25f5eaacb18efebb2b96a72432f,ANSEONG-028,금강농장,경기도 안성시 원곡면 성주리 342번지 2호,37.0878221829,127.1503693643,닭-육계,45000,마리,2026-07-03 22:48:34+09:00,2026-07-03 22:50:53+09:00
1ebd9a8d1a3b48ccd8f7822da5d5ab66,ANSEONG-029,금강농장,경기도 안성시 원곡면 천덕산로 524,37.0878218516394,127.150373937057,닭-육계,45000,마리,2026-07-03 22:48:34+09:00,2026-07-03 22:50:53+09:00
fc2fb85032a76c6d93cc89742265181b,ANSEONG-030,금광농장,경기도 안성시 금광면 사흥길 169-66,37.0025800905,127.3739281893,닭-종계,22000,마리,2026-07-03 22:48:34+09:00,2026-07-03 22:50:53+09:00
be3457fa38d55d0b96a402cc8eab5f06,ANSEONG-031,금광농장,경기도 안성시 금광면 사흥리 118번지,37.0025837,127.3740085,닭-산란계,50000,마리,2026-07-03 22:48:34+09:00,2026-07-03 22:50:53+09:00
7dfb5880b754d7e54109eabbc21d37d2,ANSEONG-032,금광농장,경기도 안성시 금광면 사흥리 118번지 외 1필지(119),37.0025800905,127.3739281893,닭-육계,15400,마리,2026-07-03 22:48:34+09:00,2026-07-03 22:50:53+09:00
088f798af9785b1bf17c208c01e0fc3a,ANSEONG-033,금평농장,경기도 안성시 일죽면 금산리 50번지 8호,37.0747404,127.5102924,닭-육계,8000,마리,2026-07-03 22:48:34+09:00,2026-07-03 22:50:53+09:00
10aa6419d172e6a80844a56c00d55b42,ANSEONG-034,금평농장,경기도 안성시 일죽면 금산리 산 14번지 1호,37.0768893332,127.5036113811,닭-육계,8000,마리,2026-07-03 22:48:34+09:00,2026-07-03 22:50:53+09:00
add8bc04215fca932dd442353fe5fd35,ANSEONG-035,금평농장,경기도 안성시 일죽면 율동길 73-84,37.0774355493,127.5037092397,닭-육계,8000,마리,2026-07-03 22:48:34+09:00,2026-07-03 22:50:53+09:00
6f3edb09e27d57b7bd398481afb4ee5e,ANSEONG-036,길담농장,경기도 안성시 보개면 동평길 134-66,37.084327425,127.327830952,오리,20000,마리,2026-07-03 22:48:34+09:00,2026-07-03 22:50:53+09:00
2873e6372e6f72b6f95b427a28099e41,ANSEONG-037,길담농장,경기도 안성시 보개면 동평리 32번지,37.084327425,127.327830952,오리,20000,마리,2026-07-03 22:48:34+09:00,2026-07-03 22:50:53+09:00
0347c97550dcd2eb3950918b48206d5a,ANSEONG-038,꼬꼬농장,경기도 안성시 보개면 내방길 55-36,37.0204198687,127.31268618,닭-육계,69664,마리,2026-07-03 22:48:34+09:00,2026-07-03 22:50:53+09:00
76533af7ce9eb89971f54f79772aeeac,ANSEONG-039,꼬꼬농장,경기도 안성시 보개면 내방리 228번지 4호 외 4필지,37.0204198687,127.31268618,닭-육계,69664,마리,2026-07-03 22:48:34+09:00,2026-07-03 22:50:53+09:00
ff97dd60741ddc921b177406698cf303,ANSEONG-040,나루농장,경기도 안성시 보개면 적가리 199번지,37.0526887688,127.2846475481,닭-육계,55000,마리,2026-07-03 22:48:34+09:00,2026-07-03 22:50:53+09:00
63f05eb3a96255da1e17ed814ad23f84,ANSEONG-041,나루농장,경기도 안성시 보개면 한사울길 212,37.0526887688,127.2846475481,닭-육계,55000,마리,2026-07-03 22:48:34+09:00,2026-07-03 22:50:53+09:00
569cd19755446c3217452ecd5bc5c944,ANSEONG-042,남풍농원,경기도 안성시 보개면 남풍리 944번지 1호,37.0789649289,127.3081983073,닭-육계,500,마리,2026-07-03 22:48:34+09:00,2026-07-03 22:50:53+09:00
8c16508c1049f986a9b113762ede18e9,ANSEONG-043,노동 농장,경기도 안성시 일죽면 능국리 678번지 3호,37.1102333444643,127.49158385138,오리,6000,마리,2026-07-03 22:48:34+09:00,2026-07-03 22:50:53+09:00
df16a298f165600105ea089bbfceafa9,ANSEONG-044,농부마을,경기도 안성시 삼죽면 월앙길 50-40,37.0802716314,127.398776458,닭-산란계,0,마리,2026-07-03 22:48:34+09:00,2026-07-03 22:50:53+09:00
60d1b625ab2287c1e802f80cbbf71b12,ANSEONG-045,농업회사법인 골드아이(유),경기도 안성시 일죽면 능국리 310번지 1호,37.1009750602,127.4888699462,닭-산란계,370000,마리,2026-07-03 22:48:34+09:00,2026-07-03 22:50:53+09:00
11ff542b2d5e74927d657fcab1659f2a,ANSEONG-046,농업회사법인 골드아이(유),경기도 안성시 일죽면 서동대로 7626-29,37.100979066167,127.488874059671,닭-산란계,570960,마리,2026-07-03 22:48:34+09:00,2026-07-03 22:50:53+09:00
2af6f67654a8af695da0885422b1503d,ANSEONG-047,농업회사법인 선유팜 주식회사,경기도 안성시 일죽면 선유동길 23-68,37.1233727928,127.4632104225,닭-산란계,40000,마리,2026-07-03 22:48:34+09:00,2026-07-03 22:50:53+09:00
43da4ea973495e4238c552be469d67ad,ANSEONG-048,농업회사법인 선유팜 주식회사,경기도 안성시 일죽면 신흥리 899번지 2호,37.1237916,127.4620764,닭-산란계,30000,마리,2026-07-03 22:48:34+09:00,2026-07-03 22:50:53+09:00
3c53b9f0bdcd73464f6527f0cb9b38ac,ANSEONG-049,농업회사법인 선유팜 주식회사,경기도 안성시 일죽면 신흥리 899번지 3호,37.1248299169,127.4610268877,닭-산란계,30000,마리,2026-07-03 22:48:34+09:00,2026-07-03 22:50:53+09:00
202ed9a187e1b5be829cc1be506f3c31,ANSEONG-050,농업회사법인 주식회사 명계 안성지점,경기도 안성시 일죽면 장암로 276-35,37.0724331872,127.4463279167,닭-산란계,27216,마리,2026-07-03 22:48:34+09:00,2026-07-03 22:50:53+09:00
e9fde42207bc6218582b8e361586a6f8,ANSEONG-051,농업회사법인 티지에프(주),경기도 안성시 금광면 삼흥리 647번지 1호,37.0273606,127.3630593,닭-산란계,150000,마리,2026-07-03 22:48:34+09:00,2026-07-03 22:50:53+09:00
f5d25bafd46d9fba7894278339910333,ANSEONG-052,농업회사법인 티지에프(주),경기도 안성시 금광면 삼흥리 647번지 1호 (외10필지),37.0277185476,127.3633406736,닭-산란계,783000,마리,2026-07-03 22:48:34+09:00,2026-07-03 22:50:53+09:00
6a8a364314ec17888867be43ec138f01,ANSEONG-053,농업회사법인 티지에프(주),"경기도 안성시 금광면 조령길 73-105, (외10필지)",37.0277185476,127.3633406736,닭-산란계,783000,마리,2026-07-03 22:48:34+09:00,2026-07-03 22:50:53+09:00
64c3432cf82cf4ebb39ca89f08676ab7,ANSEONG-054,농업회사법인(주)알로팜 명당지점,경기도 안성시 대덕면 만세로 388,37.0445048594,127.2128118927,닭-산란계,330000,마리,2026-07-03 22:48:34+09:00,2026-07-03 22:50:53+09:00
1e04f2f00cf27d224a000bf551d342cb,ANSEONG-055,농업회사법인(주)알로팜 명당지점,경기도 안성시 대덕면 명당리 173번지 1호,37.0445048594,127.2128118927,닭-산란계,450000,마리,2026-07-03 22:48:34+09:00,2026-07-03 22:50:53+09:00
6621767e96bb8d3f655a9eeda80988ec,ANSEONG-056,농업회사법인유한회사에이치비씨,경기도 안성시 중리동 79번지 6호,36.9797769,127.2897865,닭-육계,63358,마리,2026-07-03 22:48:34+09:00,2026-07-03 22:50:53+09:00
7e8c5a3a6ae103fd57d9f3cdc3a8915d,ANSEONG-057,다나농장,경기도 안성시 공도읍 용두리 382번지 9호,37.0163217677,127.1663901019,닭-산란계,40000,마리,2026-07-03 22:48:34+09:00,2026-07-03 22:50:53+09:00
908d40d5065ab3085811dfb85e892046,ANSEONG-058,다모아부화장,경기도 안성시 미양면 고지리 426번지,36.9640675842,127.2083512331,오리,7560,마리,2026-07-03 22:48:34+09:00,2026-07-03 22:50:53+09:00
f2fcf11e1fc51dfbd09eaf32fafa9bbe,ANSEONG-059,다모아부화장,경기도 안성시 미양면 신고지길 125,36.9640675842,127.2083512331,오리,7560,마리,2026-07-03 22:48:34+09:00,2026-07-03 22:50:53+09:00
b26bcb1bf32572be323fa98c88b0e0d3,ANSEONG-060,다현농장,경기도 안성시 공도읍 진사리 103번지 5호,36.985382,127.1371064,닭-산란계,4000,마리,2026-07-03 22:48:34+09:00,2026-07-03 22:50:53+09:00
91deb720b68b37a37a09ae6c8108b85a,ANSEONG-061,대박농장,경기도 안성시 공도읍 원중복길 67,36.9733909728698,127.131526445498,닭-육계,40000,마리,2026-07-03 22:48:34+09:00,2026-07-03 22:50:53+09:00
1854936de9ea6341bfbf35c1a93f459e,ANSEONG-062,대박농장,경기도 안성시 공도읍 중복리 259번지 1호,36.9733912908,127.1315243587,닭-육계,40000,마리,2026-07-03 22:48:34+09:00,2026-07-03 22:50:53+09:00
cdf6f66cca18cfbbb133b38019fe5062,ANSEONG-063,대박농장,경기도 안성시 일죽면 능국리 884번지 5호 외 1필지,37.111467098,127.4839047669,오리,6000,마리,2026-07-03 22:48:34+09:00,2026-07-03 22:50:53+09:00
ea264341322e89ec851ac4df179309d7,ANSEONG-064,대박농장,경기도 안성시 일죽면 지내동길 21-33 (외 1필지),37.111467098,127.4839047669,오리,6000,마리,2026-07-03 22:48:34+09:00,2026-07-03 22:50:53+09:00
53ec2d296c9c8f6c99394c788e64a454,ANSEONG-065,대성농장,경기도 안성시 일죽면 금산리 130번지,37.0731842881,127.5071661322,닭-육계,60000,마리,2026-07-03 22:48:34+09:00,2026-07-03 22:50:53+09:00
784e5cb10e5128507228f3634592a9b1,ANSEONG-066,대성농장,경기도 안성시 일죽면 율동길 53-17,37.0731842881,127.5071661322,닭-육계,60000,마리,2026-07-03 22:48:34+09:00,2026-07-03 22:50:53+09:00
d6fa8ef4ab68e93788f4fa6fe64c2871,ANSEONG-067,대율,경기도 안성시 서운면 현매리 188번지 5호,36.9333182751,127.226917912,오리,8568,마리,2026-07-03 22:48:34+09:00,2026-07-03 22:50:53+09:00
f3bcc609ca33b8a1237ed565f0ec63d6,ANSEONG-068,대율,경기도 안성시 서운면 현매리 188번지 5호 외 2필지,36.9334252,127.2271595,오리,8568,마리,2026-07-03 22:48:34+09:00,2026-07-03 22:50:53+09:00
826d3c7b6bc957ecd23eba310a57490f,ANSEONG-069,대율농장,경기도 안성시 서운면 송죽길 70,36.9333182751,127.226917912,오리,0,마리,2026-07-03 22:48:34+09:00,2026-07-03 22:50:53+09:00
2622498970c2c65b7970315695a692f8,ANSEONG-070,대현농장,경기도 안성시 서운면 신촌리 260번지 1호,36.9383954885,127.2559331963,오리,10000,마리,2026-07-03 22:48:34+09:00,2026-07-03 22:50:53+09:00
dfbd8b2c7d4c2aa848c80e2edc504b01,ANSEONG-071,대화 오리농장DHD,경기도 안성시 일죽면 죽화로 260-19,37.106059157,127.4525617725,오리,5500,마리,2026-07-03 22:48:34+09:00,2026-07-03 22:50:53+09:00
67c25e60b30ba20ad0fc958e78f3a904,ANSEONG-072,대화 오리농장DHD,경기도 안성시 일죽면 화곡리 637번지 1호 외1필지,37.106059157,127.4525617725,오리,5500,마리,2026-07-03 22:48:34+09:00,2026-07-03 22:50:53+09:00
17a18c4a7f8c1a06cb67b42e56069542,ANSEONG-073,덕수농장,경기도 안성시 서운면 신촌리 280번지 5호,36.935285,127.2609067,닭-산란계,55000,마리,2026-07-03 22:48:34+09:00,2026-07-03 22:50:53+09:00
ddf917ca57a0ec1f0d6507d075c4c418,ANSEONG-074,도란도란,경기도 안성시 보개면 가재울길 100-23,37.0639861701,127.3126466066,닭-산란계,138000,마리,2026-07-03 22:48:34+09:00,2026-07-03 22:50:53+09:00
5fdbcdf654cbbaa52f33f7a4882b3c44,ANSEONG-075,도란도란,경기도 안성시 보개면 남풍리 732번지,37.0639861701,127.3126466066,닭-산란계,138000,마리,2026-07-03 22:48:34+09:00,2026-07-03 22:50:53+09:00
fba20c3fa601b6d80b095def8bb9f052,ANSEONG-076,동남농원,"경기도 안성시 일죽면 송천리 478번지 외5필지(473,474,475,475-1,476)",37.0895957841,127.4700916998,닭-육계,2000,마리,2026-07-03 22:48:34+09:00,2026-07-03 22:50:53+09:00
26ccb82629d652572dfa316ff263548e,ANSEONG-077,동성농장,경기도 안성시 금광면 내우리 534번지 35호,36.9977514,127.3154562,오리,15000,마리,2026-07-03 22:48:34+09:00,2026-07-03 22:50:53+09:00
f2a75257bd7a19679e8e109e8ec2297b,ANSEONG-078,동신농장,경기도 안성시 보개면 동문이길 57,36.9999189782,127.2950239002,닭-육계,71400,마리,2026-07-03 22:48:34+09:00,2026-07-03 22:50:53+09:00
ae86792bbe4fcb35a1054d2b413c12d8,ANSEONG-079,동신농장,경기도 안성시 보개면 동신리 655번지,36.9996672,127.2956244,닭-산란계,40000,마리,2026-07-03 22:48:34+09:00,2026-07-03 22:50:53+09:00
8d3c07656218b52a0e58a12891769257,ANSEONG-080,동신농장,경기도 안성시 보개면 동신리 655번지 외 3필지,36.9999189782,127.2950239002,닭-육계,71400,마리,2026-07-03 22:48:34+09:00,2026-07-03 22:50:53+09:00
fefe1158ef5b24b27730a4c5db3f5ed7,ANSEONG-081,동원축산,"경기도 안성시 공도읍 건천리 13번지 7호 외 3필지(14-1, 15-1, 19-13번지)",36.9730246,127.1809954,오리,3000,마리,2026-07-03 22:48:34+09:00,2026-07-03 22:50:53+09:00
3208c97a5523a8ae82d99bb3a0306d37,ANSEONG-082,두교농장,경기도 안성시 죽산면 두교리 103번지,37.0152821969,127.4464693067,닭-육계,40000,마리,2026-07-03 22:48:34+09:00,2026-07-03 22:50:53+09:00
10fe734ce06d6841897d272cb07c9c78,ANSEONG-083,두교농장,경기도 안성시 죽산면 용대길 70-5,37.0152821969,127.4464693067,닭-육계,40000,마리,2026-07-03 22:48:34+09:00,2026-07-03 22:50:53+09:00
34f442fe0375ac080bc91311d5646e1b,ANSEONG-084,두메농장,경기도 안성시 일죽면 산북리 104번지 1호 외 9필지,37.0856870573,127.5126597683,닭-산란계,310000,마리,2026-07-03 22:48:34+09:00,2026-07-03 22:50:53+09:00
8330f5ce670316122cc39792eb0cc8c9,ANSEONG-085,두메축산,경기도 안성시 일죽면 주래본죽로 398-25,37.0850737005,127.5126804986,닭-산란계,186400,마리,2026-07-03 22:48:34+09:00,2026-07-03 22:50:53+09:00
3ea905af8b14f4c91abd4c8e2042f71c,ANSEONG-086,두평마을회,"경기도 안성시 죽산면 두평길 47-32, 외 2필지",37.0645201556,127.4055014876,닭-육계,37000,마리,2026-07-03 22:48:34+09:00,2026-07-03 22:50:53+09:00
a335ad7f28043de53cf225f6c9807d2d,ANSEONG-087,두평마을회,경기도 안성시 죽산면 두현리 327번지 외 2필지,37.0645201556,127.4055014876,닭-육계,37000,마리,2026-07-03 22:48:34+09:00,2026-07-03 22:50:53+09:00
48c82d40a1bb87a4dc977f5f14423dfe,ANSEONG-088,둥지농장,"경기도 안성시 보개면 내방리 228번지 4호 외 4필지(228-5,-6,229,52)",37.0203578,127.3125372,오리,17000,마리,2026-07-03 22:48:34+09:00,2026-07-03 22:50:53+09:00
19020bc4853c04f607184f3de279f145,ANSEONG-089,드림팜,"경기도 안성시 미양면 법전리 55번지 외 2필지(52번지, 52-1번지)",36.9463865225,127.2142475645,닭-육계,90000,마리,2026-07-03 22:48:34+09:00,2026-07-03 22:50:53+09:00
75e4825fd8d78f79c47153bae49ecf55,ANSEONG-090,드림팜,"경기도 안성시 미양면 서미로 257 (외 2필지(52번지, 52-1번지))",36.9468196999,127.2144481068,닭-육계,90000,마리,2026-07-03 22:48:34+09:00,2026-07-03 22:50:53+09:00
2c35498e38067dd725c69703e6969164,ANSEONG-091,마전농장,경기도 안성시 삼죽면 마전리 132번지 1호,37.0405193763,127.3467894224,오리,15000,마리,2026-07-03 22:48:34+09:00,2026-07-03 22:50:53+09:00
8f5ba8f54033c6acb92bb8ca9dc217a9,ANSEONG-092,만우농장,경기도 안성시 보개면 적가리 194번지,37.0526887688,127.2846475481,닭-육계,30000,마리,2026-07-03 22:48:34+09:00,2026-07-03 22:50:53+09:00
004d09147b0b48a9ef67537efe99f08c,ANSEONG-093,만우농장,경기도 안성시 보개면 한사울길 212,37.0526887688,127.2846475481,닭-육계,30000,마리,2026-07-03 22:48:34+09:00,2026-07-03 22:50:53+09:00
ae3979de8a8b5e29af26eb59c70201ad,ANSEONG-094,명근농장,경기도 안성시 양성면 양성로 519-65,37.0947210632019,127.203932145744,닭-산란계,35000,마리,2026-07-03 22:48:34+09:00,2026-07-03 22:50:53+09:00
cce4d4810266df41f3e2049650bbdf89,ANSEONG-095,명근농장,경기도 안성시 양성면 장서리 407번지 9호,37.094719654,127.2039239949,닭-산란계,35000,마리,2026-07-03 22:48:34+09:00,2026-07-03 22:50:53+09:00
98cc0d73c684aa9a1b81ff138a26e809,ANSEONG-096,민호농장,경기도 안성시 대덕면 삼한리 117번지,37.0567494652,127.2820379422,닭-육계,38000,마리,2026-07-03 22:48:34+09:00,2026-07-03 22:50:53+09:00
4a2a5df50cc555533227eb1894a43fbf,ANSEONG-097,민호농장,경기도 안성시 대덕면 한사울길 167,37.0567494652,127.2820379422,닭-육계,38000,마리,2026-07-03 22:48:34+09:00,2026-07-03 22:50:53+09:00
4f3a6e13eb5d3565447b27c868af104e,ANSEONG-098,병일농장,경기도 안성시 보개면 복평리 75번지 2호,37.0367519640359,127.310841086569,닭-육계,45000,마리,2026-07-03 22:48:34+09:00,2026-07-03 22:50:53+09:00
c4067a8d2e1ba1e5dabb47297cd5dfd9,ANSEONG-099,보광농원,경기도 안성시 일죽면 죽림리 880번지 외 1필지,37.0724331872,127.4463279167,닭-산란계,12000,마리,2026-07-03 22:48:34+09:00,2026-07-03 22:50:53+09:00
da40ca8c5b1274340bd9cb4dd7d44fc5,ANSEONG-100,봄양계장,경기도 안성시 금광면 삼흥리 405번지,37.0172737274,127.3658437544,닭-산란계,14000,마리,2026-07-03 22:48:34+09:00,2026-07-03 22:50:53+09:00
778cdbf8aef831b270266983eb04ba71,ANSEONG-101,봄양계장,경기도 안성시 금광면 조령길 25,37.0172737274,127.3658437544,닭-산란계,14000,마리,2026-07-03 22:48:34+09:00,2026-07-03 22:50:53+09:00
4ccf740c31793b1a73f095e37f6fa4b0,ANSEONG-102,부강농장,경기도 안성시 공도읍 용두리 382번지 12호,37.014441,127.1661925,닭-산란계,33000,마리,2026-07-03 22:48:34+09:00,2026-07-03 22:50:53+09:00
82165723768e82a07032302723e20bf2,ANSEONG-103,부원농장,경기도 안성시 서운면 양촌리 120번지,36.9451181769,127.2788747833,닭-육계,50000,마리,2026-07-03 22:48:34+09:00,2026-07-03 22:50:53+09:00
6917fb8a9549d0d16f4982ea13bdeb7f,ANSEONG-104,부희농장,경기도 안성시 미양면 강덕리 77번지 3호,36.9564185451,127.2283272791,오리,16000,마리,2026-07-03 22:48:34+09:00,2026-07-03 22:50:53+09:00
5a3bdcf93797e0fe35155d0b38112015,ANSEONG-105,북좌농장,경기도 안성시 보개면 보개산로 276,37.0419522204,127.3349661486,닭-육계,20000,마리,2026-07-03 22:48:34+09:00,2026-07-03 22:50:53+09:00
f9b22fda604e252bc5a34ad6abe31158,ANSEONG-106,북좌농장,경기도 안성시 보개면 북좌리 50번지,37.0419522204,127.3349661486,닭-육계,20000,마리,2026-07-03 22:48:34+09:00,2026-07-03 22:50:53+09:00
ee614d51fb21cb468290031b38ecbd12,ANSEONG-107,사오농장,경기도 안성시 보개면 남풍길 223,37.0669972457,127.3246304634,닭-육계,100000,마리,2026-07-03 22:48:34+09:00,2026-07-03 22:50:53+09:00
b0a26b93f1f78b47a98e7a6e94df12f3,ANSEONG-108,사오농장,경기도 안성시 보개면 남풍리 243번지,37.0669972457,127.3246304634,닭-육계,100000,마리,2026-07-03 22:48:34+09:00,2026-07-03 22:50:53+09:00
fcf50af1c34a1aef78fce4e725cc5cc1,ANSEONG-109,산아리농장,경기도 안성시 죽산면 용설리 산 74번지,37.0682641,127.4395227,닭-육계,15000,마리,2026-07-03 22:48:34+09:00,2026-07-03 22:50:53+09:00
add0985a267fe6abee3ba507cc9e1006,ANSEONG-110,삼학농장,경기도 안성시 일죽면 금일로 140-64,37.0638025992,127.4819081911,닭-산란계,45000,마리,2026-07-03 22:48:34+09:00,2026-07-03 22:50:53+09:00
91ffc317e12e25238607886621581884,ANSEONG-111,삼학농장,경기도 안성시 일죽면 화봉리 191번지,37.0642770115,127.4821712321,닭-산란계,45000,마리,2026-07-03 22:48:34+09:00,2026-07-03 22:50:53+09:00
0901b9fbd0a9af97ac8b3304e2be2677,ANSEONG-112,삼한농장,경기도 안성시 대덕면 삼한리 593번지,37.061271,127.2735991,닭-육계,45000,마리,2026-07-03 22:48:34+09:00,2026-07-03 22:50:53+09:00
8da6ebbdafd128f6edae19157eb91b17,ANSEONG-113,삼한농장,경기도 안성시 양성면 삼암리 477번지 5호,37.0282819465,127.2102983102,닭-육계,85000,마리,2026-07-03 22:48:34+09:00,2026-07-03 22:50:53+09:00
7fe1943e6b8b45d2827e3027d368fb0c,ANSEONG-114,삼한농장,경기도 안성시 양성면 정자말길 65-75,37.028271877241,127.210300299492,닭-육계,85000,마리,2026-07-03 22:48:34+09:00,2026-07-03 22:50:53+09:00
9ecca930081f07ac8bf3779366b8e63d,ANSEONG-115,삼흥농장,경기도 안성시 금광면 삼흥리 562번지,37.0265237,127.3715064,닭-육계,42000,마리,2026-07-03 22:48:34+09:00,2026-07-03 22:50:53+09:00
b1848eea007580ce02baa93ee3a6e84d,ANSEONG-116,삼흥농장,경기도 안성시 금광면 삼흥리 562번지 1호,37.0276556373,127.3715819362,닭-산란계,54000,마리,2026-07-03 22:48:34+09:00,2026-07-03 22:50:53+09:00
b8c08d1e44b7348dde745ae2c49dbbc6,ANSEONG-117,상록농장,경기도 안성시 금광면 현곡길 67-9,36.9816912774,127.3487484619,닭-육계,66500,마리,2026-07-03 22:48:34+09:00,2026-07-03 22:50:53+09:00
8ace01683f67c2d036da03ab4ce7527a,ANSEONG-118,상록농장,"경기도 안성시 금광면 현곡리 137번지 외 2필지(141, 142)",36.9816912774,127.3487484619,닭-육계,66500,마리,2026-07-03 22:48:34+09:00,2026-07-03 22:50:53+09:00
12dbf2a2d75482122859463225c3ace9,ANSEONG-119,상수리숲농장,경기도 안성시 양성면 방신리 68번지 2호,37.0356464205,127.1753796345,닭-산란계,1500,마리,2026-07-03 22:48:34+09:00,2026-07-03 22:50:53+09:00
9f49d0f205ceb16f8a356542f6016a00,ANSEONG-120,상수리숲농장,경기도 안성시 양성면 방신리 산 36번지 2호,37.0361612,127.1757702,닭-산란계,400,마리,2026-07-03 22:48:34+09:00,2026-07-03 22:50:53+09:00
1ab5e91e05f3d28247bab41b8462161b,ANSEONG-121,상수리숲농장,경기도 안성시 양성면 성하길 60-7,37.0348535695,127.176520307,닭-산란계,1500,마리,2026-07-03 22:48:34+09:00,2026-07-03 22:50:53+09:00
f65edd41de3750cd59164b319bd47608,ANSEONG-122,상원농장,경기도 안성시 서운면 신촌리 11번지,36.9382045170773,127.255615683175,닭-산란계,60000,마리,2026-07-03 22:48:34+09:00,2026-07-03 22:50:53+09:00
c074cd70475aaa335798275be4c4ea40,ANSEONG-123,상원농장,경기도 안성시 서운면 신촌리 산 11번지,36.9304137150368,127.266270643434,닭-산란계,60000,마리,2026-07-03 22:48:34+09:00,2026-07-03 22:50:53+09:00
016ec803f9624a8e1283d38bfe776949,ANSEONG-124,서가농장,경기도 안성시 죽산면 두현리 327번지,37.0644919,127.4055225,닭-육계,56051,마리,2026-07-03 22:48:34+09:00,2026-07-03 22:50:53+09:00
7f9798c035475266fdec81ba3b921766,ANSEONG-125,서부농장,경기도 안성시 원곡면 성주리 278번지,37.0888419,127.1523602,닭-산란계,38000,마리,2026-07-03 22:48:34+09:00,2026-07-03 22:50:53+09:00
aca92db962c78448f1b9ffaf24012d6b,ANSEONG-126,서부농장,경기도 안성시 원곡면 성주리 321번지 1호,37.0889457894,127.1523558141,닭-육계,14500,마리,2026-07-03 22:48:34+09:00,2026-07-03 22:50:53+09:00
85e2b492a8166df96d7ecf25ecedcb9d,ANSEONG-127,서부농장,경기도 안성시 원곡면 천덕산로 531-21,37.0889457894,127.1523558141,닭-종계,14500,마리,2026-07-03 22:48:34+09:00,2026-07-03 22:50:53+09:00
095df7e417ad9ce6b66436fb7b290d5b,ANSEONG-128,서운농장,경기도 안성시 서운면 서운로 229 (외 1필지),36.9342969441,127.2628706116,닭-산란계,276683,마리,2026-07-03 22:48:34+09:00,2026-07-03 22:50:53+09:00
84c5329ebe841cdad00566a3e3bb19d0,ANSEONG-129,서운농장,경기도 안성시 서운면 신촌리 280번지 2호 외 1필지,36.9342969441,127.2628706116,닭-산란계,250000,마리,2026-07-03 22:48:34+09:00,2026-07-03 22:50:53+09:00
8f7f697e6855880eb4218e9dbbf55cca,ANSEONG-130,서윤농장,경기도 안성시 보개면 내방리 38번지 2호 (외 4필지),37.0225472195,127.3126584728,닭-육계,50000,마리,2026-07-03 22:48:34+09:00,2026-07-03 22:50:53+09:00
a2c1b6077dd74ffe7f9ea415bd1ea39f,ANSEONG-131,서윤농장,경기도 안성시 보개면 내방리 38번지 2호 외1필(40번지),37.0227462,127.3123109,오리,7300,마리,2026-07-03 22:48:34+09:00,2026-07-03 22:50:53+09:00
872018d2ea13ea3c2982a4840ed83684,ANSEONG-132,서현농장,경기도 안성시 샛터1길 41-34 (중리동),36.9863361931,127.274681313,닭-육계,32000,마리,2026-07-03 22:48:34+09:00,2026-07-03 22:50:53+09:00
558711794ec7e37cb425dc167571d918,ANSEONG-133,서현농장,경기도 안성시 중리동 388번지 2호,36.986035436,127.2744077319,닭-육계,32000,마리,2026-07-03 22:48:34+09:00,2026-07-03 22:50:53+09:00
01d9e60ae8b12f16d7a143fe453b0d6e,ANSEONG-134,석우농장,경기도 안성시 보개면 양복리 696번지 외2필지,37.0121069931,127.3114250981,닭-육계,73000,마리,2026-07-03 22:48:34+09:00,2026-07-03 22:50:53+09:00
73b1d8ec7aaa9812f740d5d571f9f691,ANSEONG-135,석찬 농장,경기도 안성시 고삼면 범골길 67-22,37.0751492104,127.2423401777,닭-육계,0,마리,2026-07-03 22:48:34+09:00,2026-07-03 22:50:53+09:00
ef05d256aaf6f16028e445b26b64c0b3,ANSEONG-136,석찬 농장,경기도 안성시 고삼면 신창리 362번지,37.0751492104,127.2423401777,닭-육계,50000,마리,2026-07-03 22:48:34+09:00,2026-07-03 22:50:53+09:00
76edfa95fe121cdb7400272effd02f8a,ANSEONG-137,선암농장,경기도 안성시 금광면 개산리 10번지 1호 외 1필지(11),36.9889863774,127.2909403737,닭-육계,10000,마리,2026-07-03 22:48:34+09:00,2026-07-03 22:50:53+09:00
42487ac946a7bc2917354460b84de42b,ANSEONG-138,선암농장,경기도 안성시 금광면 배티로 1009-92,36.9889863774,127.2909403737,닭-육계,10000,마리,2026-07-03 22:48:34+09:00,2026-07-03 22:50:53+09:00
bae5377f325ba55bbdf3c8b97a1a7580,ANSEONG-139,선유 칠면조 농장,경기도 안성시 일죽면 선유동길 23-87,37.1227482974,127.4631217751,칠면조,1500,마리,2026-07-03 22:48:34+09:00,2026-07-03 22:50:53+09:00
f70ec8160668cae2d4bc56adbb657efd,ANSEONG-140,선유 칠면조 농장,경기도 안성시 일죽면 신흥리 907번지 0호,37.122708,127.4626887,칠면조,1500,마리,2026-07-03 22:48:34+09:00,2026-07-03 22:50:53+09:00
11b7887c5f938581b863a304d4c8ac2e,ANSEONG-141,선일농장,경기도 안성시 금광면 사흥길 169-44,37.001137927,127.3724511795,닭-육계,80000,마리,2026-07-03 22:48:34+09:00,2026-07-03 22:50:53+09:00
4b008ee87a0485e3857150f177a2594f,ANSEONG-142,선일농장,경기도 안성시 금광면 사흥리 131번지 1호,37.0010372595,127.3726494768,닭-육계,80000,마리,2026-07-03 22:48:34+09:00,2026-07-03 22:50:53+09:00
4ca3a7d76b9a425b673d2d56aecea300,ANSEONG-143,성공농장,"경기도 안성시 서운면 매향길 122, (외1필지)",36.9407279369,127.2307546723,닭-육계,42000,마리,2026-07-03 22:48:34+09:00,2026-07-03 22:50:53+09:00
b07d94521476ef48798a7aead524c96d,ANSEONG-144,성공농장,경기도 안성시 서운면 현매리 116번지 2호,36.9405289,127.2302449,닭-육계,40000,마리,2026-07-03 22:48:34+09:00,2026-07-03 22:50:53+09:00
12bdec6e8321611b41fdece10576c6a8,ANSEONG-145,성공농장,경기도 안성시 서운면 현매리 116번지 2호 (외1필지),36.9407279369,127.2307546723,닭-육계,42000,마리,2026-07-03 22:48:34+09:00,2026-07-03 22:50:53+09:00
735f18933f332f6c638602d23326a658,ANSEONG-146,성욱농장,경기도 안성시 대덕면 무능로 177-13,37.0480948655,127.2252027356,오리,9000,마리,2026-07-03 22:48:34+09:00,2026-07-03 22:50:53+09:00
709797c2b7834760d5d685d963300306,ANSEONG-147,성욱농장,경기도 안성시 대덕면 무능리 243번지,37.0480948655,127.2252027356,오리,9000,마리,2026-07-03 22:48:34+09:00,2026-07-03 22:50:53+09:00
3533db573aa6f9847d60115c613d3d26,ANSEONG-148,성원농장,경기도 안성시 공도읍 대신두길 69,36.9946245011,127.2003116973,닭-산란계,50000,마리,2026-07-03 22:48:34+09:00,2026-07-03 22:50:53+09:00
e0ef453203023a20420c1a7cf9b29367,ANSEONG-149,성원농장,경기도 안성시 공도읍 신두리 200번지 39호,36.9954673789,127.1985439819,닭-산란계,50000,마리,2026-07-03 22:48:34+09:00,2026-07-03 22:50:53+09:00
dc19ce630e7af1b399347a001c78b932,ANSEONG-150,성은농장,경기도 안성시 서운면 송산리 211번지 1호,36.9418056,127.2363218,닭-육계,4000,마리,2026-07-03 22:48:34+09:00,2026-07-03 22:50:53+09:00
dadc522b77b78e0afc989d8845e3a615,ANSEONG-151,세원농장,경기도 안성시 공도읍 용두리 378번지 2호,37.0159645331,127.1657238397,닭-산란계,3000,마리,2026-07-03 22:48:34+09:00,2026-07-03 22:50:53+09:00
0ae8a18159580a1a116d3a938540c43a,ANSEONG-152,세진농장,경기도 안성시 보개면 남사당로 340-56,37.0428475327318,127.314842350793,닭-육계,35000,마리,2026-07-03 22:48:34+09:00,2026-07-03 22:50:53+09:00
4d5c064b7ea4e0723f14742d0c1ea9e7,ANSEONG-153,세진농장,경기도 안성시 보개면 오두리 255번지 3호,37.0428510076,127.3148464036,닭-육계,35000,마리,2026-07-03 22:48:34+09:00,2026-07-03 22:50:53+09:00
90e60f2d3fe811339f45ecdb25c159b6,ANSEONG-154,송숙농장,경기도 안성시 대덕면 삼한리 499번지 1호,37.0570838464151,127.275814828924,닭-육계,40000,마리,2026-07-03 22:48:34+09:00,2026-07-03 22:50:53+09:00
996fa3eb763e33953639b9a3604182b8,ANSEONG-155,송표농장,경기도 안성시 서운면 양촌리 117번지,36.945782,127.2772427,닭-육계,35000,마리,2026-07-03 22:48:34+09:00,2026-07-03 22:50:53+09:00
2647057e8c402c955a6cfafcc867a349,ANSEONG-156,수리산농장,경기도 안성시 일죽면 산북리 172번지 1호,37.0835725,127.5077646,오리,7000,마리,2026-07-03 22:48:34+09:00,2026-07-03 22:50:53+09:00
1b197f1dd7f696718516bd12e7adda0b,ANSEONG-157,수정농장,경기도 안성시 일죽면 능국리 261번지 1호,37.0987210269,127.4847064651,오리,15000,마리,2026-07-03 22:48:34+09:00,2026-07-03 22:50:53+09:00
3f04ae6d7ca4f0dce11dade624dd33ca,ANSEONG-158,수정농장,경기도 안성시 일죽면 서동대로 7594-85,37.0987234296382,127.484707923353,오리,15000,마리,2026-07-03 22:48:34+09:00,2026-07-03 22:50:53+09:00
802315b404f3d52eabd55032d7e9a3ce,ANSEONG-159,수지 토종농장,경기도 안성시 일죽면 노성로 217,37.1227440678,127.4849830611,닭-육계,1000,마리,2026-07-03 22:48:34+09:00,2026-07-03 22:50:53+09:00
143cde43df2e789e8e8bc442724215b9,ANSEONG-160,수지 토종농장,경기도 안성시 일죽면 신흥리 산 11번지 1호,37.1222662813,127.4847355009,닭-육계,1000,마리,2026-07-03 22:48:34+09:00,2026-07-03 22:50:53+09:00
72bc203c934b022d9203e7daa99af638,ANSEONG-161,수지농장,경기도 안성시 대덕면 김중만장군길 157-39,37.0540200515,127.2475700915,닭-종계,9900,마리,2026-07-03 22:48:34+09:00,2026-07-03 22:50:53+09:00
7e6e440e242c6d55f74a7524a989c642,ANSEONG-162,수지농장,경기도 안성시 대덕면 보동리 684번지,37.0542993,127.2475934,닭-육계,50000,마리,2026-07-03 22:48:34+09:00,2026-07-03 22:50:53+09:00
9596ae93c6243e41769edb3d29872eb1,ANSEONG-163,수지농장,경기도 안성시 대덕면 보동리 684번지 2호,37.0543287098,127.2477191497,닭-육계,12000,마리,2026-07-03 22:48:34+09:00,2026-07-03 22:50:53+09:00
c9943c51b527a01e2fe27f192eac5e81,ANSEONG-164,수지농장,경기도 안성시 미양면 정동리 504번지 4호 외 1필지(504-5),36.9765932313,127.1958095738,닭-육계,130000,마리,2026-07-03 22:48:34+09:00,2026-07-03 22:50:53+09:00
b2d62f6abc6f5ce11421eb0a42587c2e,ANSEONG-165,수지농장,경기도 안성시 미양면 정동리 504번지 4호 외1필지(정동리 505-5),36.9767503,127.1956042,닭-육계,130000,마리,2026-07-03 22:48:34+09:00,2026-07-03 22:50:53+09:00
afb80022b5da2b4724ed6cd291452255,ANSEONG-166,수한농장,경기도 안성시 양성면 장서리 55번지 1호,37.0963983823,127.2237694438,닭-육계,8000,마리,2026-07-03 22:48:34+09:00,2026-07-03 22:50:53+09:00
caf4bd7e7d2bff138efec3eb2da3fc1e,ANSEONG-167,스마일2 농장,경기도 안성시 미양면 고지리 426번지,36.9640675842,127.2083512331,오리,12000,마리,2026-07-03 22:48:34+09:00,2026-07-03 22:50:53+09:00
f0cb0a736d741e669be59ff7ceb0ab8b,ANSEONG-168,스마일2 농장,경기도 안성시 미양면 신고지길 125,36.9640675842,127.2083512331,오리,12000,마리,2026-07-03 22:48:34+09:00,2026-07-03 22:50:53+09:00
112accb1a5dd96aefe463f6790706190,ANSEONG-169,승애농장,경기도 안성시 공도읍 용두리 399번지 1호,37.0110963963,127.164243514,닭-산란계,50000,마리,2026-07-03 22:48:34+09:00,2026-07-03 22:50:53+09:00
71fa95e77328a0ba8b2721ddf5b6227d,ANSEONG-170,승애농장,경기도 안성시 공도읍 용머리큰길 34-55,37.0110969323396,127.164242160143,닭-산란계,50000,마리,2026-07-03 22:48:34+09:00,2026-07-03 22:50:53+09:00
a10ca6d71690c4778b16360cef95aa12,ANSEONG-171,승일농장,경기도 안성시 보개면 기좌리 124번지 1호 (외4필지),37.0352134339,127.291645786,닭-육계,65000,마리,2026-07-03 22:48:34+09:00,2026-07-03 22:50:53+09:00
8a3359546869d1c377c329a925115648,ANSEONG-172,승일농장,"경기도 안성시 보개면 보개원삼로 342-91, (외4필지)",37.035683243,127.29225169,닭-육계,65000,마리,2026-07-03 22:48:34+09:00,2026-07-03 22:50:53+09:00
82b27a2dc2b59cf418cdd60a35826575,ANSEONG-173,승일농장,"경기도 안성시 일죽면 노동길 73, (외 2필지)",37.1127662306,127.4883818862,닭-육계,25000,마리,2026-07-03 22:48:34+09:00,2026-07-03 22:50:53+09:00
79501eeaa8516ac3f58db220b10aab67,ANSEONG-174,승일농장,경기도 안성시 일죽면 능국리 674번지 (외 2필지),37.1128017285,127.4883504568,닭-육계,25000,마리,2026-07-03 22:48:34+09:00,2026-07-03 22:50:53+09:00
5a74cb3a01f801781539008b24fafc2c,ANSEONG-175,승희농장,경기도 안성시 보개면 기좌리 150번지 2호,37.0329921,127.2904811,오리,25000,마리,2026-07-03 22:48:34+09:00,2026-07-03 22:50:53+09:00
b9c666539bb652612e02dde68d7763d2,ANSEONG-176,승희농장,경기도 안성시 보개면 기좌리 150번지 2호 외 4필지,37.0333009149,127.2908077212,닭-육계,100000,마리,2026-07-03 22:48:34+09:00,2026-07-03 22:50:53+09:00
335cbbadbdf3bcf5cbb60a1b16c4d588,ANSEONG-177,승희농장,경기도 안성시 보개면 보개원삼로 342-34,37.0333009149,127.2908077212,닭-육계,100000,마리,2026-07-03 22:48:34+09:00,2026-07-03 22:50:53+09:00
1f54adadbb5594b4ae650a84a50742c4,ANSEONG-178,시은농장,"경기도 안성시 보개면 내방리 19번지 , 22-1번지",37.0268802905,127.3130132346,닭-육계,40000,마리,2026-07-03 22:48:34+09:00,2026-07-03 22:50:53+09:00
c5efe0a051020c1124c7f9238a8773d5,ANSEONG-179,시헌농장,경기도 안성시 보개면 이전봉산길 29-45,37.0541809866126,127.290635105865,닭-산란계,0,마리,2026-07-03 22:48:34+09:00,2026-07-03 22:50:53+09:00
97349f502cef8bcc0cce6f488cd9124a,ANSEONG-180,시헌농장,경기도 안성시 보개면 적가리 161번지 1호,37.0541778419,127.2906379598,닭-산란계,150000,마리,2026-07-03 22:48:34+09:00,2026-07-03 22:50:53+09:00
3ae480f552b3e738f9c2717969abbc45,ANSEONG-181,신기리농장,경기도 안성시 서운면 서운로 592,36.9644745248,127.2633745158,오리,9000,마리,2026-07-03 22:48:34+09:00,2026-07-03 22:50:53+09:00
ba82c6528a3bdb06964af385ca561043,ANSEONG-182,신기리농장,"경기도 안성시 서운면 신기리 17번지 1호 외 2필지(17-2,16-2)",36.9648302271,127.263483677,오리,9000,마리,2026-07-03 22:48:34+09:00,2026-07-03 22:50:53+09:00
8e8ddfe63e72014556b44095460a3e3b,ANSEONG-183,신안농장,경기도 안성시 보개면 남사당로 441-59,37.0543759394,127.3078749315,닭-육계,34000,마리,2026-07-03 22:48:34+09:00,2026-07-03 22:50:53+09:00
723efd353bcf13506893a3c5e71fefd6,ANSEONG-184,신안농장,경기도 안성시 보개면 신안리 250번지,37.0543758816,127.3078974158,오리,46000,마리,2026-07-03 22:48:34+09:00,2026-07-03 22:50:53+09:00
b605ef06fd0f5bc6a9f7c1f9d4a94bae,ANSEONG-185,씨제이피드앤케어 주식회사 안성시험농장,경기도 안성시 삼죽면 삼백로 152,37.0886055288,127.3753048703,닭-육계,0,마리,2026-07-03 22:48:34+09:00,2026-07-03 22:50:53+09:00
ec6a59901d0a9588d08ca08e91e2f260,ANSEONG-186,아리농장,경기도 안성시 서운면 신기리 236번지,36.9542239058,127.273848606,닭-육계,85000,마리,2026-07-03 22:48:34+09:00,2026-07-03 22:50:53+09:00
d548cea1992339280a1889b99f6e548a,ANSEONG-187,안성농장,경기도 안성시 보개면 이전리 274번지,37.0602396,127.2869861,닭-산란계,8000,마리,2026-07-03 22:48:34+09:00,2026-07-03 22:50:53+09:00
20f791b824cf4f4f44af1dd2acbe1b79,ANSEONG-188,안성농장,경기도 안성시 중리동 79번지 8호,36.979491102,127.2892023108,닭-육계,70000,마리,2026-07-03 22:48:34+09:00,2026-07-03 22:50:53+09:00
e93db65b80bbcd086258e6e0dc6f8018,ANSEONG-189,안성마춤육계,경기도 안성시 대덕면 안성맞춤대로 1594,37.053684456902,127.259277160973,닭-육계,40000,마리,2026-07-03 22:48:34+09:00,2026-07-03 22:50:53+09:00
c402d03a87e99adbbd9b5637fd59a5ca,ANSEONG-190,안성마춤육계,경기도 안성시 대덕면 진현리 378번지 2호,37.0536856543,127.2592718043,닭-육계,40000,마리,2026-07-03 22:48:34+09:00,2026-07-03 22:50:53+09:00
68c1cf00c5563d7df3cfd89734a3dd11,ANSEONG-191,안성마춤육계영농조합법인,경기도 안성시 대덕면 진현리 378번지 2호,37.0537162,127.2591485,닭-육계,40000,마리,2026-07-03 22:48:34+09:00,2026-07-03 22:50:53+09:00
0b6db4808b76f9b2ac6a213757dfc942,ANSEONG-192,안성목장,경기도 안성시 공도읍 신두리 산 54번지,36.9773720955916,127.205988234607,닭-산란계,8000,마리,2026-07-03 22:48:34+09:00,2026-07-03 22:50:53+09:00
e66f571e6ec2dab961a0961f3e47fcfc,ANSEONG-193,야곱농장,경기도 안성시 대덕면 미륵로 137,37.0603471772,127.2677606831,닭-육계,100,마리,2026-07-03 22:48:34+09:00,2026-07-03 22:50:53+09:00
f1e1ba9e8b2b2635254a4e693c456b25,ANSEONG-194,야곱농장,경기도 안성시 대덕면 진현리 6번지 2호,37.0600665882,127.2677099949,닭-육계,100,마리,2026-07-03 22:48:34+09:00,2026-07-03 22:50:53+09:00
e8b4940e634aeb6608a0f032a89f35fc,ANSEONG-195,양호농장,경기도 안성시 서운면 신흥리 산 51번지,36.9286198,127.2424098,오리,30000,마리,2026-07-03 22:48:34+09:00,2026-07-03 22:50:53+09:00
49bc85720d952eca5d17dbedbbe9557a,ANSEONG-196,에코필드,"경기도 안성시 서운면 솔뫼로 141-45, 외 1필지",36.9411889137,127.2435331327,닭-육계,70000,마리,2026-07-03 22:48:34+09:00,2026-07-03 22:50:53+09:00
5dd5ef61b76c867f5b95bca09c9d9781,ANSEONG-197,에코필드,경기도 안성시 서운면 송산리 114번지 3호 외 1필지,36.9411889137,127.2435331327,닭-육계,70000,마리,2026-07-03 22:48:34+09:00,2026-07-03 22:50:53+09:00
a18494834db5c511dc24f0e59b16019d,ANSEONG-198,연일 농장,경기도 안성시 미양면 강덕리 256번지,36.9469468,127.224269,닭-산란계,12000,마리,2026-07-03 22:48:34+09:00,2026-07-03 22:50:53+09:00
3b6c7e8e9df7583e0e7c6eb01a63f5d9,ANSEONG-199,열심농장,경기도 안성시 대덕면 죽리 680번지 1호,36.98589,127.2047142,닭-산란계,6000,마리,2026-07-03 22:48:34+09:00,2026-07-03 22:50:53+09:00
5d6cc993931743f651b61fc90493629a,ANSEONG-200,열심농장,경기도 안성시 미양면 정동리 504번지 15호,36.9771901,127.1966386,닭-육계,80000,마리,2026-07-03 22:48:34+09:00,2026-07-03 22:50:53+09:00
3f7ed0ae946135db4afbdeef19a44adc,ANSEONG-201,영란농장,경기도 안성시 일죽면 죽림리 881번지,37.0723842,127.4461921,오리,9000,마리,2026-07-03 22:48:34+09:00,2026-07-03 22:50:53+09:00
a396444dec69fc342ab84c008f173c39,ANSEONG-202,영배농장,경기도 안성시 양성면 명목리 139번지,37.0309623,127.1987756,닭-산란계,13000,마리,2026-07-03 22:48:34+09:00,2026-07-03 22:50:53+09:00
d5fd5b9a40fc91c6d72d74d7da02d532,ANSEONG-203,영심농장,경기도 안성시 삼죽면 미장리 170번지,37.0401881,127.3642551,닭-산란계,80000,마리,2026-07-03 22:48:34+09:00,2026-07-03 22:50:53+09:00
629613c1dc8582840121852ecd732253,ANSEONG-204,영양축산,경기도 안성시 일죽면 선유동길 23-33,37.1226585066,127.4642700413,닭-산란계,0,마리,2026-07-03 22:48:34+09:00,2026-07-03 22:50:53+09:00
7b05c807ee7679535d7829be8d82b42b,ANSEONG-205,영양축산,경기도 안성시 일죽면 신흥리 902번지,37.1229259,127.4645805,닭-육계,35000,마리,2026-07-03 22:48:34+09:00,2026-07-03 22:50:53+09:00
c28d346de78ab15217622efa2dae36d6,ANSEONG-206,영양축산,경기도 안성시 일죽면 신흥리 902번지 번지 외 2필지,37.1226585066,127.4642700413,닭-육계,22000,마리,2026-07-03 22:48:34+09:00,2026-07-03 22:50:53+09:00
08a2865576e1ed6217cdab378d078809,ANSEONG-207,영윤농장,경기도 안성시 양성면 양성로 614,37.1065773568,127.2128703233,닭-육계,1000,마리,2026-07-03 22:48:34+09:00,2026-07-03 22:50:53+09:00
3362243d3e87f1fa3c2094f91d932c91,ANSEONG-208,영윤농장,경기도 안성시 양성면 장서리 320번지,37.1065773568,127.2128703233,닭-육계,1000,마리,2026-07-03 22:48:34+09:00,2026-07-03 22:50:53+09:00
bc838aed22a008eb1c4689e20eca4d1c,ANSEONG-209,영화농장,경기도 안성시 일죽면 장암리 162번지 1호 외 1필지(162-3),37.0743234104,127.4625489917,닭-산란계,10760,마리,2026-07-03 22:48:34+09:00,2026-07-03 22:50:53+09:00
c55bc045c239347589d39de3841f49ea,ANSEONG-210,영화농장,경기도 안성시 일죽면 장암초교길 99,37.0743234104,127.4625489917,닭-종계,10760,마리,2026-07-03 22:48:34+09:00,2026-07-03 22:50:53+09:00
4c572764c2f4be0fd6ba3d130e089696,ANSEONG-211,오두리 농장,경기도 안성시 보개면 남사당로 340-50,37.0430489228243,127.315317205929,닭-육계,45000,마리,2026-07-03 22:48:34+09:00,2026-07-03 22:50:53+09:00
07f40e8c732acb93b9b91f7f79185397,ANSEONG-212,오두리 농장,경기도 안성시 보개면 오두리 255번지 5호,37.0430500587,127.315318223,닭-육계,45000,마리,2026-07-03 22:48:34+09:00,2026-07-03 22:50:53+09:00
641cb1a9d5a62696ff013693830d8b0e,ANSEONG-213,오림농장,경기도 안성시 보개면 보개원삼로 575-12,37.054927098,127.2912432422,닭-산란계,100000,마리,2026-07-03 22:48:34+09:00,2026-07-03 22:50:53+09:00
e23672890013021f29e2a4b99570d5ab,ANSEONG-214,오림농장,경기도 안성시 보개면 적가리 159번지,37.054927098,127.2912432422,닭-산란계,100000,마리,2026-07-03 22:48:34+09:00,2026-07-03 22:50:53+09:00
606deb83e98c321d3a6b53399d6a6742,ANSEONG-215,오성농장,경기도 안성시 원곡면 지문리 24번지 1호,37.0615791298199,127.145496059752,닭-산란계,8000,마리,2026-07-03 22:48:34+09:00,2026-07-03 22:50:53+09:00
a0a2fea3f3254ff47cfd1d145fa68a5e,ANSEONG-216,완기농장,경기도 안성시 양성면 삼암리 474번지 6호,37.0253850632433,127.204023000081,닭-산란계,46,마리,2026-07-03 22:48:34+09:00,2026-07-03 22:50:53+09:00
aafecfe714d51413b9fdc088cd08c1b7,ANSEONG-217,완호농장,경기도 안성시 보개면 기좌리 275번지,37.0388265,127.288626,닭-육계,30000,마리,2026-07-03 22:48:34+09:00,2026-07-03 22:50:53+09:00
f3cca222f02cc6e4a1d404bc3d3f4805,ANSEONG-218,용단농장,경기도 안성시 보개면 남풍리 1223번지 2호,37.0794675145,127.3038329896,닭-육계,60000,마리,2026-07-03 22:48:34+09:00,2026-07-03 22:50:53+09:00
d75335c08abf09bded253678734ce7e0,ANSEONG-219,용단농장,경기도 안성시 보개면 삼은길 316,37.0791937597375,127.30372622636,닭-육계,60000,마리,2026-07-03 22:48:34+09:00,2026-07-03 22:50:53+09:00
d5aacdbbc9bdc57a70dd8455be07f0c1,ANSEONG-220,용마농장,경기도 안성시 서운면 바우덕이로 225,36.9567813661,127.2732696975,닭-육계,350,마리,2026-07-03 22:48:34+09:00,2026-07-03 22:50:53+09:00
f58cf787b1439884bb5e385cd14a3b42,ANSEONG-221,용마농장,경기도 안성시 서운면 신기리 산 43번지,36.9567813661,127.2732696975,닭-육계,350,마리,2026-07-03 22:48:34+09:00,2026-07-03 22:50:53+09:00
3c29091c083dc7bdaf0a6f63a25fa4e8,ANSEONG-222,용성농장,경기도 안성시 일죽면 신흥리 958번지 4호,37.1181542929,127.4757762174,오리,6000,마리,2026-07-03 22:48:34+09:00,2026-07-03 22:50:53+09:00
94c7f104be5aa3ad8b6c832d965c3d4a,ANSEONG-223,용성농장,경기도 안성시 일죽면 일죽신흥로 172-35,37.1181594812976,127.475770158556,오리,6000,마리,2026-07-03 22:48:34+09:00,2026-07-03 22:50:53+09:00
654c3675eb41178d3349ea656f2c09a7,ANSEONG-224,우리농장,경기도 안성시 보개면 내방리 19번지 외6필지,37.0268802,127.3130132,오리,8000,마리,2026-07-03 22:48:34+09:00,2026-07-03 22:50:53+09:00
1e807757af4ef3249baa755798b8b9c6,ANSEONG-225,원범농장,경기도 안성시 양성면 장서리 175번지,37.1043512649,127.2167952354,닭-육계,40000,마리,2026-07-03 22:48:34+09:00,2026-07-03 22:50:53+09:00
72a5ab1cb09df32f8b5d0713becb1c5f,ANSEONG-226,유신농장,경기도 안성시 일죽면 송천리 473번지 0호,37.0895477,127.4700804,닭-육계,4500,마리,2026-07-03 22:48:34+09:00,2026-07-03 22:50:53+09:00
4021d2f059150eedeb5b5439700b03b5,ANSEONG-227,유원농장,경기도 안성시 공도읍 승두리 7번지 1호,36.996219,127.1743317,닭-육계,32000,마리,2026-07-03 22:48:34+09:00,2026-07-03 22:50:53+09:00
3ba5651cd08507ffeba64a38d1d3e133,ANSEONG-228,유화농장,경기도 안성시 보개면 동문이길 60,36.9995563011,127.2938110734,닭-산란계,37500,마리,2026-07-03 22:48:34+09:00,2026-07-03 22:50:53+09:00
9f182e7d0713fe3f164b15d98578f953,ANSEONG-229,유화농장,경기도 안성시 보개면 동신리 650번지,36.9995563011,127.2938110734,닭-산란계,37500,마리,2026-07-03 22:48:34+09:00,2026-07-03 22:50:53+09:00
d60e53225a8683d6cd15e287aed53e93,ANSEONG-230,유화농장,경기도 안성시 보개면 동신리 655번지,36.9996672,127.2956244,닭-산란계,50000,마리,2026-07-03 22:48:34+09:00,2026-07-03 22:50:53+09:00
613a8fec362ec7c61ff75c91999c15bd,ANSEONG-231,육계농장,경기도 안성시 보개면 상삼리 54번지 2호,37.0220493436,127.3302544343,닭-육계,50000,마리,2026-07-03 22:48:34+09:00,2026-07-03 22:50:53+09:00
15c255b05de789c862b0ed8c0f1f933c,ANSEONG-232,은영농장,경기도 안성시 미양면 강덕리 12번지,36.9601013699,127.231337995,닭-육계,90000,마리,2026-07-03 22:48:34+09:00,2026-07-03 22:50:53+09:00
098544004ef0a5e933e7f93372eba8cd,ANSEONG-233,은영농장,경기도 안성시 미양면 양변길 149,36.9601013699,127.231337995,닭-육계,90000,마리,2026-07-03 22:48:34+09:00,2026-07-03 22:50:53+09:00
141802159490098a081fef4ddb7c559b,ANSEONG-234,이삼농장,경기도 안성시 삼죽면 율곡리 905번지 2호,37.0990691004,127.3575183117,닭-산란계,58000,마리,2026-07-03 22:48:34+09:00,2026-07-03 22:50:53+09:00
feae1c9a01c5e7ad370f80831d3caf05,ANSEONG-235,이삼농장,경기도 안성시 삼죽면 품곡길 158-14,37.0927657175,127.3579471154,닭-산란계,58000,마리,2026-07-03 22:48:34+09:00,2026-07-03 22:50:53+09:00
38efdb0c9c6f4bc990d46eb7018b2c10,ANSEONG-236,인주종계장,경기도 안성시 공도읍 진사2길 34-32,36.990882035,127.1503303642,닭-종계,182500,마리,2026-07-03 22:48:34+09:00,2026-07-03 22:50:53+09:00
f77114644f8c8ef5b6189cdf8b1c9ace,ANSEONG-237,인주종계장,경기도 안성시 공도읍 진사리 376번지,36.990882035,127.1503303642,닭-산란계,182500,마리,2026-07-03 22:48:34+09:00,2026-07-03 22:50:53+09:00
11ae02937892ca083929516d69ada940,ANSEONG-238,일월농장,경기도 안성시 일죽면 월정리 1423번지,37.0909099054,127.4437693126,닭-육계,41000,마리,2026-07-03 22:48:34+09:00,2026-07-03 22:50:53+09:00
2db8990edad8d2c1f3700decc441700c,ANSEONG-239,일죽 농장,경기도 안성시 일죽면 장암로 24-72,37.0807083126801,127.470079331079,닭-산란계,30000,마리,2026-07-03 22:48:34+09:00,2026-07-03 22:50:53+09:00
49dde4b5f3a3142d9db8e58ee598d6ac,ANSEONG-240,일죽 농장,경기도 안성시 일죽면 장암리 35번지 3호,37.0807076854,127.4700951915,닭-산란계,30000,마리,2026-07-03 22:48:34+09:00,2026-07-03 22:50:53+09:00
d3c50260bbf6df8fc28a70328f1f5478,ANSEONG-241,장동농장,경기도 안성시 보개면 동평리 25번지,37.0852689,127.3297613,오리,20000,마리,2026-07-03 22:48:34+09:00,2026-07-03 22:50:53+09:00
b279e60c749bb20dee8766c9ff1d6572,ANSEONG-242,장수농장,경기도 안성시 미양면 고지1길 131-52,36.9554434034,127.2197127171,닭-육계,0,마리,2026-07-03 22:48:34+09:00,2026-07-03 22:50:53+09:00
edd8270725540fa4ada9a11cf75e0413,ANSEONG-243,장수농장,경기도 안성시 미양면 고지리 69번지 4호,36.9556448836,127.2220532058,닭-산란계,51700,마리,2026-07-03 22:48:34+09:00,2026-07-03 22:50:53+09:00
20a075bbc9c66a56f2cb92f95bbebddc,ANSEONG-244,장수농장,경기도 안성시 원곡면 성주리 123번지,37.0860082,127.1691576,닭-산란계,16000,마리,2026-07-03 22:48:34+09:00,2026-07-03 22:50:53+09:00
70643b237d4e8c7a42e0930e8c0c354a,ANSEONG-245,장수농장,경기도 안성시 일죽면 산북리 156번지,37.0801336,127.507022,닭-산란계,27000,마리,2026-07-03 22:48:34+09:00,2026-07-03 22:50:53+09:00
1b187c53a0dcf2b2bac9374186f8eb57,ANSEONG-246,재성농장,경기도 안성시 미양면 고지리 산 93번지 1호,36.95633360137,127.221621287685,닭-육계,50000,마리,2026-07-03 22:48:34+09:00,2026-07-03 22:50:53+09:00
d389c19da21f62857fa1f1ca24a566a2,ANSEONG-247,재수농장,경기도 안성시 서운면 양촌리 297번지 1호,36.949163289,127.2591069203,닭-육계,30000,마리,2026-07-03 22:48:34+09:00,2026-07-03 22:50:53+09:00
b1c8796532f9ff6f4896607b5ade3a35,ANSEONG-248,정기농장,경기도 안성시 보개면 신안리 92번지 2호,37.0537062475,127.3161134252,닭-육계,2000,마리,2026-07-03 22:48:34+09:00,2026-07-03 22:50:53+09:00
fdfb0152481c18db5c7b95e705b129b8,ANSEONG-249,정훈농장,경기도 안성시 서운면 사갑1길 245,36.9271803166707,127.240109728297,닭-산란계,126000,마리,2026-07-03 22:48:34+09:00,2026-07-03 22:50:53+09:00
a753a1a509c6d31c41849a3c6106ac84,ANSEONG-250,정훈농장,경기도 안성시 서운면 신흥리 265번지 1호,36.9278756929,127.2399397515,닭-산란계,55000,마리,2026-07-03 22:48:34+09:00,2026-07-03 22:50:53+09:00
478b8f3ed5f34647da5411f87441613c,ANSEONG-251,정훈축산,경기도 안성시 서운면 사갑1길 237-31,36.9262824124,127.2397089139,닭-산란계,55000,마리,2026-07-03 22:48:34+09:00,2026-07-03 22:50:53+09:00
33c8ba16d46848f1b57ce69a7ed3dad3,ANSEONG-252,정훈축산,경기도 안성시 서운면 신흥리 산 25번지,36.9259914028,127.2398226429,닭-산란계,55000,마리,2026-07-03 22:48:34+09:00,2026-07-03 22:50:53+09:00
b914b1fbaf1853d95fe7bef841d0b622,ANSEONG-253,제2대화 오리농장 DHD,"경기도 안성시 일죽면 죽화로 278-19 (,612-1외 1필지)",37.1051952607,127.4564000956,오리,20000,마리,2026-07-03 22:48:34+09:00,2026-07-03 22:50:53+09:00
f80c9fec1ed3683914bcfd4f42cf908d,ANSEONG-254,제2대화 오리농장 DHD,"경기도 안성시 일죽면 화곡리 611번지 ,612-1외 1필지",37.1051952607,127.4564000956,오리,20000,마리,2026-07-03 22:48:34+09:00,2026-07-03 22:50:53+09:00
0ce624e98a5cdf6d475f8ecccbfbe2a0,ANSEONG-255,제일농장,경기도 안성시 미양면 정동리 504번지 15호,36.9770186592,127.1964932492,닭-육계,30000,마리,2026-07-03 22:48:34+09:00,2026-07-03 22:50:53+09:00
a2f63ad3c2f04f8a1c09f8500745b5c0,ANSEONG-256,제일농장,경기도 안성시 미양면 중앙배수1길 148-24,36.9770211832769,127.196490059876,닭-육계,30000,마리,2026-07-03 22:48:34+09:00,2026-07-03 22:50:53+09:00
e5b172be7ee98dbe8a5a0b4313f258f3,ANSEONG-257,조아라 한약닭 농장,경기도 안성시 삼죽면 진촌리 511번지 2호,37.0523428297,127.3607997698,닭-육계,20000,마리,2026-07-03 22:48:34+09:00,2026-07-03 22:50:53+09:00
926b4b30fa308d91c374888f23d1f9c2,ANSEONG-258,조아라 한약닭 농장,경기도 안성시 삼죽면 진촌진말길 29,37.0523429886786,127.36080132329,닭-육계,20000,마리,2026-07-03 22:48:34+09:00,2026-07-03 22:50:53+09:00
fca9bc354ec4c20ddc31e4dcec2efc46,ANSEONG-259,종영농장,경기도 안성시 금광면 장죽리 330번지,36.9625052,127.3175129,닭-육계,100,마리,2026-07-03 22:48:34+09:00,2026-07-03 22:50:53+09:00
f6a6052913ffeb81265682924d11ae2b,ANSEONG-260,주안농장,경기도 안성시 보개면 이전봉산길 31-87,37.0569077806,127.2861192576,닭-육계,0,마리,2026-07-03 22:48:34+09:00,2026-07-03 22:50:53+09:00
ec5cc4a8e3fa31e2ae3463a0964351c7,ANSEONG-261,주은농장,경기도 안성시 현수동 47번지,36.9985558,127.278095,오리,10000,마리,2026-07-03 22:48:34+09:00,2026-07-03 22:50:53+09:00
45344f143178c9098401452895c056d9,ANSEONG-262,주주농축산,경기도 안성시 일죽면 신흥리 865번지 1호,37.1239558,127.4684913,닭-육계,85000,마리,2026-07-03 22:48:34+09:00,2026-07-03 22:50:53+09:00
a4318ca48fb7ec5bc9953f9093d155fe,ANSEONG-263,준 농장,경기도 안성시 미양면 강덕리 154번지 2호,36.9495113123,127.2362272079,닭-육계,61400,마리,2026-07-03 22:48:34+09:00,2026-07-03 22:50:53+09:00
c88c0f721d1c63a9f2ec683ceb49dc0a,ANSEONG-264,준 농장,경기도 안성시 미양면 서변1길 55-24,36.949497460325,127.236181023,닭-육계,61400,마리,2026-07-03 22:48:34+09:00,2026-07-03 22:50:53+09:00
9e4e6ab1d45c79df7661fe2225e74ff0,ANSEONG-265,중대농장,경기도 안성시 보개면 불현리 산 119번지 1호,37.0266737702695,127.279179746112,닭-산란계,2300,마리,2026-07-03 22:48:34+09:00,2026-07-03 22:50:53+09:00
312e70ecdcb5d4eff348a04bbd741ed6,ANSEONG-266,중영농장,경기도 안성시 미양면 고지리 210번지 1호,36.9569289121,127.2123660326,오리,20000,마리,2026-07-03 22:48:34+09:00,2026-07-03 22:50:53+09:00
fdc3dea79d73a18d2581477e27122c2e,ANSEONG-267,지현농장,경기도 안성시 금광면 구송동길 54,36.9973340479293,127.304892789259,닭-산란계,300,마리,2026-07-03 22:48:34+09:00,2026-07-03 22:50:53+09:00
52a0d9f86f188110088d76769b739f63,ANSEONG-268,지현농장,경기도 안성시 금광면 내우리 103번지 2호,36.9974923418,127.3046731232,닭-산란계,300,마리,2026-07-03 22:48:34+09:00,2026-07-03 22:50:53+09:00
76df663389ecc99121559317da23e2fb,ANSEONG-269,진가네농장,경기도 안성시 대덕면 삼한리 593번지 1호,37.0613151213,127.2747474306,닭-육계,40000,마리,2026-07-03 22:48:34+09:00,2026-07-03 22:50:53+09:00
9e9f8a1cd6463e73a3b672f461d6de4a,ANSEONG-270,진가네농장,경기도 안성시 대덕면 한사울길 81-34,37.0613217865108,127.274677713054,닭-육계,40000,마리,2026-07-03 22:48:34+09:00,2026-07-03 22:50:53+09:00
643fa0f081bc1b9d261f207c006250de,ANSEONG-271,진촌 농장,경기도 안성시 공도읍 진사리 112번지 4호,36.9874255881,127.1370077874,닭-산란계,13500,마리,2026-07-03 22:48:34+09:00,2026-07-03 22:50:53+09:00
3112d65b891ee6fe8d472769d54d6625,ANSEONG-272,천일농장,경기도 안성시 보개면 곡천리 118번지,37.0289867029,127.2928995501,닭-육계,30000,마리,2026-07-03 22:48:34+09:00,2026-07-03 22:50:53+09:00
d5ea9785d469da23db8f66087cb075d5,ANSEONG-273,천하오리,경기도 안성시 일죽면 산북리 140번지,37.0807442,127.5117382,오리,8500,마리,2026-07-03 22:48:34+09:00,2026-07-03 22:50:53+09:00
7d21d9db835012e666430f522dc16fa3,ANSEONG-274,천호농장,경기도 안성시 보개면 구사리 산 35번지 1호,37.0272473845,127.3037762251,닭-육계,30000,마리,2026-07-03 22:48:34+09:00,2026-07-03 22:50:53+09:00
530a4924f51c4ca90cef0fb0b6b25d28,ANSEONG-275,천호농장,경기도 안성시 보개면 남사당로 106-31,37.0272473845,127.3037762251,닭-육계,30000,마리,2026-07-03 22:48:34+09:00,2026-07-03 22:50:53+09:00
d6b68563217872fdd71a50c0cc450225,ANSEONG-276,청보농장,경기도 안성시 서운면 사갑1길 191-24,36.9287914859,127.24238445,오리,30000,마리,2026-07-03 22:48:34+09:00,2026-07-03 22:50:53+09:00
1e348ad9e54060b85a1893ab27991997,ANSEONG-277,청보농장,경기도 안성시 서운면 신흥리 248번지 외 5필지,36.9287914859,127.24238445,오리,30000,마리,2026-07-03 22:48:34+09:00,2026-07-03 22:50:53+09:00
cf204212ac197e2e9e97e1d7d5cde220,ANSEONG-278,청산농장,경기도 안성시 공도읍 마정리 433번지 2호,37.0153418419,127.1941376365,닭-산란계,100000,마리,2026-07-03 22:48:34+09:00,2026-07-03 22:50:53+09:00
716fa839990e810fe7aa1c8c772b3b53,ANSEONG-279,청산농장,경기도 안성시 공도읍 문터길 87,37.0153418419,127.1941376365,닭-산란계,100000,마리,2026-07-03 22:48:34+09:00,2026-07-03 22:50:53+09:00
5b79ff2826d6557e54701f24ecf6e446,ANSEONG-280,청산오리농장,경기도 안성시 원곡면 성주리 190번지,37.0803996,127.1656028,오리,20000,마리,2026-07-03 22:48:34+09:00,2026-07-03 22:50:53+09:00
610691f3447ea847efc7ef44e5e72b7d,ANSEONG-281,청원농장,경기도 안성시 보개면 보개산로 291-44,37.0466702514,127.3375199869,닭-산란계,15000,마리,2026-07-03 22:48:34+09:00,2026-07-03 22:50:53+09:00
3509ea69b989babdcdd9dda6cc164518,ANSEONG-282,청원농장,경기도 안성시 보개면 북좌리 11번지,37.0466702514,127.3375199869,닭-산란계,15000,마리,2026-07-03 22:48:34+09:00,2026-07-03 22:50:53+09:00
bcef5208622399c1653a95c0e3d816f3,ANSEONG-283,초원농장,"경기도 안성시 보개면 내방리 271번지 3호 외2필(271-4,271-5)",37.0181319,127.3091795,오리,12000,마리,2026-07-03 22:48:34+09:00,2026-07-03 22:50:53+09:00
742b5b8a5d9c4b2806b64a687dfbb3c5,ANSEONG-284,초원농장,경기도 안성시 보개면 내방리 271번지 4호,37.0181705018,127.3096789431,닭-육계,50000,마리,2026-07-03 22:48:34+09:00,2026-07-03 22:50:53+09:00
53b9ec5f1c8729d8e5b9c810c4520377,ANSEONG-285,큰오리농장,"경기도 안성시 일죽면 능국리 674번지 , 659-1번지, 659-5번지",37.1127393,127.4883479,오리,5000,마리,2026-07-03 22:48:34+09:00,2026-07-03 22:50:53+09:00
2df1725c168947234794e94b64e7cd00,ANSEONG-286,큰오리농장,"경기도 안성시 일죽면 산북리 607번지 1호 , 607-2번지",37.0812442,127.502216,오리,6000,마리,2026-07-03 22:48:34+09:00,2026-07-03 22:50:53+09:00
f980da0886ceb032f401e067077a6cb1,ANSEONG-287,큰오리농장,"경기도 안성시 일죽면 월정리 1727번지 , 1728번지, 1728-1번지, 1729번지, 1730번지",37.0806274,127.4584646,오리,12000,마리,2026-07-03 22:48:34+09:00,2026-07-03 22:50:53+09:00
039cce97ae00f15896161fab718c5079,ANSEONG-288,큰오리농장1,경기도 안성시 일죽면 산북1길 45-27,37.0807666313,127.5022354165,오리,9000,마리,2026-07-03 22:48:34+09:00,2026-07-03 22:50:53+09:00
02442c93ee402669050cfa5326216677,ANSEONG-289,큰오리농장1,경기도 안성시 일죽면 산북리 607번지 2호,37.0813784922,127.5022839786,오리,9000,마리,2026-07-03 22:48:34+09:00,2026-07-03 22:50:53+09:00
f02d3ff350a7e82b8b0ce04aa5d9357b,ANSEONG-290,큰오리농장3,"경기도 안성시 일죽면 월정리 1727번지 , 1728번지, 1728-1번지, 1729번지, 1730번지",37.0806544924,127.4584648325,오리,14000,마리,2026-07-03 22:48:34+09:00,2026-07-03 22:50:53+09:00
762d2b2e07321f3869db01f5443fb766,ANSEONG-291,태양농장,경기도 안성시 보개면 상삼리 872번지 5호 외1 필지,37.0273572,127.3300074,닭-육계,29820,마리,2026-07-03 22:48:34+09:00,2026-07-03 22:50:53+09:00
a6622d714de4ce4e7f9165ed9a5982d8,ANSEONG-292,텃골축산,경기도 안성시 일죽면 장암로 24-72 (외 3필지),37.0807076854,127.4700951915,닭-산란계,150000,마리,2026-07-03 22:48:34+09:00,2026-07-03 22:50:53+09:00
7d11077c661162df42860616dc00d120,ANSEONG-293,텃골축산,경기도 안성시 일죽면 장암리 411번지 27호 외 3필지,37.0807076854,127.4700951915,닭-산란계,150000,마리,2026-07-03 22:48:34+09:00,2026-07-03 22:50:53+09:00
2278aad54472e8398146730e95b12448,ANSEONG-294,판기농장,경기도 안성시 공도읍 진사리 115번지 1호,36.9878318,127.138088,닭-산란계,13000,마리,2026-07-03 22:48:34+09:00,2026-07-03 22:50:53+09:00
a1fca63a2b54e58d75609c69ec0a2b18,ANSEONG-295,팔봉농장,경기도 안성시 일죽면 장암리 438번지 3호,37.0756653049,127.4588132872,닭-육계,40000,마리,2026-07-03 22:48:34+09:00,2026-07-03 22:50:53+09:00
e8c88c8b176f60680d3e67ebc322b4d4,ANSEONG-296,팔봉농장,경기도 안성시 일죽면 장암초교길 123-14,37.0756686540661,127.458808533036,닭-육계,40000,마리,2026-07-03 22:48:34+09:00,2026-07-03 22:50:53+09:00
a556ff6c34340f5de53b7fc0c23e4ff1,ANSEONG-297,팔상농장,경기도 안성시 일죽면 신흥리 540번지,37.114567,127.4753195,닭-육계,30000,마리,2026-07-03 22:48:34+09:00,2026-07-03 22:50:53+09:00
53ddb2ea0f869d4bcc86ccb41d3afb2b,ANSEONG-298,팔상농장,경기도 안성시 일죽면 신흥리 840번지,37.123389295,127.4664423361,닭-육계,30000,마리,2026-07-03 22:48:34+09:00,2026-07-03 22:50:53+09:00
716c35d4160984d0379f3604e1fb6db2,ANSEONG-299,평안농장,경기도 안성시 보개면 신안리 87번지 6호,37.0532170546,127.3134801121,오리,20000,마리,2026-07-03 22:48:34+09:00,2026-07-03 22:50:53+09:00
fdec6f49a8d504d7cfe46942345f9408,ANSEONG-300,하나둘셋영농조합법인,경기도 안성시 금광면 금광모산길 42-233,37.0168905259,127.3542994537,닭-산란계,9588,마리,2026-07-03 22:48:34+09:00,2026-07-03 22:50:53+09:00
d32f894a5da9861a1db3804ef640e13e,ANSEONG-301,하나둘셋영농조합법인,"경기도 안성시 금광면 오흥리 23번지 1호 외3필지(22-2,23,24-1)",37.0168905259,127.3542994537,닭-산란계,9588,마리,2026-07-03 22:48:34+09:00,2026-07-03 22:50:53+09:00
76309e7d1d841d7b68d8a1f161aab127,ANSEONG-302,하늘농장,경기도 안성시 보개면 내방상삼로 168-32,37.0276031833,127.3298816182,닭-육계,60000,마리,2026-07-03 22:48:34+09:00,2026-07-03 22:50:53+09:00
79aaa89732f014b0b7d0faded2f69ab5,ANSEONG-303,하늘농장,경기도 안성시 보개면 상삼리 872번지 4호 외 1필지,37.0276031833,127.3298816182,닭-육계,60000,마리,2026-07-03 22:48:34+09:00,2026-07-03 22:50:53+09:00
9250414c57b8c914febd73930e6e6bca,ANSEONG-304,한다리농장,경기도 안성시 일죽면 방초리 1005번지 14호,37.119119663,127.417545725,닭-육계,71000,마리,2026-07-03 22:48:34+09:00,2026-07-03 22:50:53+09:00
a28ec7b2663a8d304c40ab843ad973b5,ANSEONG-305,한다리농장,경기도 안성시 일죽면 한다리길 94-16,37.119119701737,127.417540947872,닭-육계,71000,마리,2026-07-03 22:48:34+09:00,2026-07-03 22:50:53+09:00
d06d8169ff5a4dd26bef9a2f143d983f,ANSEONG-306,한미농장,경기도 안성시 미양면 강덕리 50번지,36.9631076,127.2218567,닭-산란계,1400,마리,2026-07-03 22:48:34+09:00,2026-07-03 22:50:53+09:00
7a58949f0d817741d4c8b2759fb9fccc,ANSEONG-307,한성농장,경기도 안성시 보개면 양복리 662번지,37.0133267,127.3101266,오리,13000,마리,2026-07-03 22:48:34+09:00,2026-07-03 22:50:53+09:00
dab79f5c14d8285f74cfd8b5647e0c01,ANSEONG-308,한성농장,경기도 안성시 일죽면 산북리 125번지 1호 외 1필지,37.0812425076,127.5132148104,오리,9690,마리,2026-07-03 22:48:34+09:00,2026-07-03 22:50:53+09:00
76721c08dcc515bc945fb1b99a20ea86,ANSEONG-309,한신농장,경기도 안성시 일죽면 용설로 17-35,37.0791192722,127.4409903989,닭-육계,53000,마리,2026-07-03 22:48:34+09:00,2026-07-03 22:50:53+09:00
f0bcfb3438f141252ce4aead67d53f30,ANSEONG-310,한신농장,경기도 안성시 일죽면 죽림리 739번지,37.0791192722,127.4409903989,닭-육계,53000,마리,2026-07-03 22:48:34+09:00,2026-07-03 22:50:53+09:00
cd1420898365c5c5d4bdc5a6e5cb61e3,ANSEONG-311,한울농장,경기도 안성시 보개면 남사당로 429-57 (외 1(보개면 오두리 86)),37.0515123048,127.3082348856,닭-육계,35000,마리,2026-07-03 22:48:34+09:00,2026-07-03 22:50:53+09:00
761eaf2807862efc095b2056b8c10380,ANSEONG-312,한울농장,경기도 안성시 보개면 신안리 336번지 2호 외 1(보개면 오두리 86),37.0515123048,127.3082348856,닭-육계,35000,마리,2026-07-03 22:48:34+09:00,2026-07-03 22:50:53+09:00
baba3785b18147fd3b7b20e9c7abb631,ANSEONG-313,해샘찬농장,경기도 안성시 원곡면 반제리 150번지,37.0319131086,127.165152581,닭-산란계,20000,마리,2026-07-03 22:48:34+09:00,2026-07-03 22:50:53+09:00
87d6090cfa956a4bc59ba87eaad6245a,ANSEONG-314,해샘찬농장,경기도 안성시 원곡면 원당로 243-40,37.0319131086,127.165152581,닭-산란계,20000,마리,2026-07-03 22:48:34+09:00,2026-07-03 22:50:53+09:00
11e24904d5cc9847a4d3682bbee46d61,ANSEONG-315,헌식농장,경기도 안성시 미양면 구수리 45번지 3호 (외1필지),36.9731211193,127.2578180565,닭-육계,36500,마리,2026-07-03 22:48:34+09:00,2026-07-03 22:50:53+09:00
c9b11a536c3506a0efaee7f2f4cb4575,ANSEONG-316,현수농장,경기도 안성시 배티로 1009-44 (현수동),36.9936362519,127.2900510814,닭-육계,65000,마리,2026-07-03 22:48:34+09:00,2026-07-03 22:50:53+09:00
5e52d504fa596c5af951de63b8dcebb5,ANSEONG-317,현수농장,경기도 안성시 현수동 291번지,36.9936362519,127.2900510814,닭-육계,65000,마리,2026-07-03 22:48:34+09:00,2026-07-03 22:50:53+09:00
c83c0b3159c3e0a5406033c821d482e6,ANSEONG-318,현수농장,경기도 안성시 현수동 291번지 0호,36.9935272,127.2897932,오리,19341,마리,2026-07-03 22:48:34+09:00,2026-07-03 22:50:53+09:00
1063e894639618bdfd53890e2bea5f3a,ANSEONG-319,현풍농장,경기도 안성시 보개면 남풍리 939번지,37.0782686,127.3091514,닭-육계,30000,마리,2026-07-03 22:48:34+09:00,2026-07-03 22:50:53+09:00
8ad9b0f7b9fd96418620b2e8a3e880a4,ANSEONG-320,형은농장,경기도 안성시 대덕면 능말길 43-98,37.0491066559,127.2146726667,닭-종계,24200,마리,2026-07-03 22:48:34+09:00,2026-07-03 22:50:53+09:00
9db029f680140b03e5e09ec51dcdcf05,ANSEONG-321,형은농장,경기도 안성시 대덕면 무능리 309번지,37.0491066559,127.2146726667,닭-육계,24200,마리,2026-07-03 22:48:34+09:00,2026-07-03 22:50:53+09:00
9dc88622b48e287e1c9353aba2dba1e2,ANSEONG-322,혜림농장,경기도 안성시 대덕면 죽리 680번지 1호,36.98589,127.2047142,닭-산란계,45000,마리,2026-07-03 22:48:34+09:00,2026-07-03 22:50:53+09:00
e4aa658d342c3c195971e3816d9edbf9,ANSEONG-323,혜성농장,경기도 안성시 보개면 이전봉산길 29-46,37.0536326326,127.288187642,닭-육계,30000,마리,2026-07-03 22:48:34+09:00,2026-07-03 22:50:53+09:00
da280b649585a17aaffe2e3f02b605ec,ANSEONG-324,혜성농장,경기도 안성시 보개면 적가리 173번지,37.0536326326,127.288187642,닭-육계,30000,마리,2026-07-03 22:48:34+09:00,2026-07-03 22:50:53+09:00
efe7463823d077a620d026cfa8bdabb2,ANSEONG-325,호반농장,경기도 안성시 미양면 정동리 506번지 17호 외1필지(506-18),36.9782308769,127.1981737946,오리,10500,마리,2026-07-03 22:48:34+09:00,2026-07-03 22:50:53+09:00
a79b5d6604094a7ed8cd560296641a2a,ANSEONG-326,호야2농장,경기도 안성시 고삼면 대갈리 293번지 2호,37.072230475,127.2474123711,닭-육계,30000,마리,2026-07-03 22:48:34+09:00,2026-07-03 22:50:53+09:00
b10a3211298b0ce105221a78946df4c7,ANSEONG-327,호야2농장,경기도 안성시 고삼면 윗갈미길 65,37.0722339201431,127.247408011186,닭-육계,30000,마리,2026-07-03 22:48:34+09:00,2026-07-03 22:50:53+09:00
fcfe7e0a9e230b64a8a90987bd77c27d,ANSEONG-328,호야농장,경기도 안성시 고삼면 대갈리 648번지 4호,37.069495202,127.2498062711,닭-육계,70000,마리,2026-07-03 22:48:34+09:00,2026-07-03 22:50:53+09:00
0af9ce3aaf7bd58d7a1e7be275158cc6,ANSEONG-329,호야농장,경기도 안성시 고삼면 신창길 229-11,37.0695003671613,127.249805608975,닭-육계,70000,마리,2026-07-03 22:48:34+09:00,2026-07-03 22:50:53+09:00
cd5ff8b7cee34bccc2230ac83694d69b,ANSEONG-330,호일농장,경기도 안성시 미양면 계륵리 산 28번지,36.985446317,127.2574367934,닭-종계,30900,마리,2026-07-03 22:48:34+09:00,2026-07-03 22:50:53+09:00
a4cc1819bae49c29e70286c3ba20b8f5,ANSEONG-331,황아농장,경기도 안성시 미양면 강덕리 74번지,36.9557834274,127.227376879,오리,25337,마리,2026-07-03 22:48:34+09:00,2026-07-03 22:50:53+09:00
eb1b4445d39ef2490b644a5560438758,ANSEONG-332,효성1농장,경기도 안성시 보개면 이전리 416번지 1호,37.0574112,127.2865933,닭-육계,60000,마리,2026-07-03 22:48:34+09:00,2026-07-03 22:50:53+09:00
0ae5890beee8855c3f4718fbfbf34620,ANSEONG-333,효성농장,경기도 안성시 보개면 이전리 416번지 1호,37.0574342628,127.2868386321,닭-육계,47000,마리,2026-07-03 22:48:34+09:00,2026-07-03 22:50:53+09:00
4e530d3f4652e8674fb101e065d2a556,ANSEONG-334,효원농장,경기도 안성시 미양면 보체리 316번지 3호,36.9649307817,127.2383646103,닭-육계,140000,마리,2026-07-03 22:48:34+09:00,2026-07-03 22:50:53+09:00
2fcb5eaab0f83b934ef32231e20fad8d,ANSEONG-335,효원농장,경기도 안성시 미양면 보체리 316번지 5호 외 7필지,36.9649307817,127.2383646103,닭-육계,140000,마리,2026-07-03 22:48:34+09:00,2026-07-03 22:50:53+09:00
d142606871056a6a0cfe9bc33273eff1,ANSEONG-336,효원농장,경기도 안성시 미양면 협동단지길 158-68,36.9649307817,127.2383646103,닭-육계,140000,마리,2026-07-03 22:48:34+09:00,2026-07-03 22:50:53+09:00
e7b072d0a8b97e4965a4aa5587e8354e,ANSEONG-337,흥안농장,경기도 안성시 일죽면 능국리 674번지,37.1128017285,127.4883504568,닭-육계,32000,마리,2026-07-03 22:48:34+09:00,2026-07-03 22:50:53+09:00
f30c8ef6d710c668a05a58ac81b64257,ANSEONG-338,희영농장,경기도 안성시 보개면 가래미길 92-6,37.0285895218817,127.328818420378,오리,7500,마리,2026-07-03 22:48:34+09:00,2026-07-03 22:50:53+09:00
1373f7b7f9fa06cfbfa2f42348683035,ANSEONG-339,희영농장,경기도 안성시 보개면 상삼리 871번지 6호,37.0285932416,127.3288225519,오리,7500,마리,2026-07-03 22:48:34+09:00,2026-07-03 22:50:53+09:00
c857396c62167c1c42a53cadd680b21a,ANSEONG-340,희영농장,경기도 안성시 삼죽면 기솔리 436번지 외 1필지(437),37.0407737381,127.3429463956,오리,6000,마리,2026-07-03 22:48:34+09:00,2026-07-03 22:50:53+09:00
837e826a6e1055bdc4f15864e26c2162,ANSEONG-341,희영농장,경기도 안성시 삼죽면 기솔리 440번지 1호 외 1필지(440-2),37.0410239828,127.3417601432,오리,6000,마리,2026-07-03 22:48:34+09:00,2026-07-03 22:50:53+09:00
