사업장명칭,등록축종,사업장소재지(지번),사업장소재지(도로명),사육두수,동수,면적,데이터기준일자
세연농장,오리,충청북도 음성군 소이면 비산리 1003번지 1호  ,충청북도 음성군 소이면 충청대로 1780-39,12500,4,3081,2023-04-21
상촌농장,종계/산란계,충청북도 음성군 소이면 중동리 848번지  ,충청북도 음성군 소이면 중동길168번길 22,6000,9,935,2023-04-21
성은농장,육계,충청북도 음성군 감곡면 상평리 520번지  ,충청북도 음성군 감곡면 능안로 397-30,40000,4,2240,2023-04-21
한서농장,육계,충청북도 음성군 금왕읍 호산리 11번지  ,충청북도 음성군 금왕읍 일생로 321-16,40000,7,2733,2023-04-21
파랑새농장,육계,충청북도 음성군 대소면 미곡리 122번지 외 1필지 ,충청북도 음성군 대소면 한삼로87번길 196,40000,3,2310,2023-04-21
행운농장,육계,충청북도 음성군 음성읍 소여리 86번지 1호  ,,34700,4,1750,2023-04-21
덕생농장,육계,충청북도 음성군 음성읍 삼생리 342번지  ,충청북도 음성군 음성읍 덕생로504번길 92,37830,4,1645,2023-04-21
기쁨농장,육계,충청북도 음성군 금왕읍 봉곡리 143번지 1호  ,,40000,4,2184,2023-04-21
아람농장,육계,충청북도 음성군 맹동면 봉현리 278번지  ,충청북도 음성군 맹동면 대동로 288-9,35922,3,2794,2023-04-21
호산농장,육계,충청북도 음성군 금왕읍 호산리 575번지 3호  ,충청북도 음성군 금왕읍 생삼로 624-14,40000,3,2054,2023-04-21
행복농장,육계,충청북도 음성군 소이면 봉전리 368번지 2호  ,충청북도 음성군 소이면 한불로 684,35000,3,1998,2023-04-21
갑산농장,육계,충청북도 음성군 소이면 갑산리 266번지  ,충청북도 음성군 소이면 갑산로 251-36,70000,5,3164.3,2023-04-21
상미양계장,육계,충청북도 음성군 원남면 마송리 76번지 2호  ,,50000,3,3096,2023-04-21
벧엘농장,육계,충청북도 음성군 삼성면 청용리 271번지  ,충청북도 음성군 삼성면 대청로 233-4,50000,2,2111.1,2023-04-21
백운농장,오리,충청북도 음성군 삼성면 용성리 491번지  ,,8500,8,2818,2023-04-21
석우농장,산란육성계,충청북도 음성군 감곡면 상우리 3번지  ,충청북도 음성군 감곡면 상우길 199,218016,4,5575.04,2023-04-21
짱구농장,오리,충청북도 음성군 맹동면 봉현리 482번지 4호  ,충청북도 음성군 맹동면 초금로 216,9000,3,3110,2023-04-21
벧엘농장,종계/산란계,충청북도 음성군 생극면 임곡리 34번지 외 3필지 ,충청북도 음성군 생극면 임곡길 252-28  (외 3필지),27576,7,3064,2023-04-21
상당농장,육계,충청북도 음성군 원남면 상당리 475번지 외 4필지 ,충청북도 음성군 원남면 충청대로1007번길 75-30,40000,6,2322,2023-04-21
음성농장,육계,충청북도 음성군 원남면 하당리 462번지  ,충청북도 음성군 원남면 하초로91번길 40,12500,3,1080,2023-04-21
민들레농장,육계,충청북도 음성군 소이면 중동리 122번지 외 4필지 ,,114000,6,6486,2023-04-21
솔뫼비농장,종계/산란계,충청북도 음성군 삼성면 청용리 49번지 1호  ,충청북도 음성군 삼성면 삼양로249번길 48-32,5000,4,2024,2023-04-21
장수농장,오리,충청북도 음성군 삼성면 천평리 355번지  ,충청북도 음성군 삼성면 천평길 181-39,20000,12,5580,2023-04-21
진영농장,종계/산란계,충청북도 음성군 삼성면 상곡리 7번지 1호  ,충청북도 음성군 삼성면 하이텍산단로 36-38,48600,3,2430,2023-04-21
송계농장,종계/산란계,충청북도 음성군 삼성면 상곡리 2번지  ,충청북도 음성군 삼성면 하이텍산단로 36-49,110592,1,5529.6,2023-04-21
삼용농장,오리,충청북도 음성군 원남면 삼용리 284번지  ,,12000,7,3871,2023-04-21
해건농장,육계,충청북도 음성군 음성읍 삼생리 799번지 1호 외 2필지 ,,35000,5,1974,2023-04-21
한울,육계,충청북도 음성군 대소면 부윤리 260번지 240  240-1  238-4 ,충청북도 음성군 대소면 대동로428번길 21-3,105000,4,5008,2023-04-21
형제농장,오리,충청북도 음성군 맹동면 봉현리 397번지  ,,18000,16,5670,2023-04-21
류봉농장,오리,충청북도 음성군 맹동면 봉현리 463번지 5호  ,충청북도 음성군 맹동면 초금로 309,7000,8,2270,2023-04-21
삼봉농장,오리,충청북도 음성군 금왕읍 삼봉리 601번지  ,충청북도 음성군 금왕읍 삼봉길90번길 41,12000,5,1530,2023-04-21
대성농장,육계,충청북도 음성군 금왕읍 본대리 29번지  ,충청북도 음성군 금왕읍 신내로563번길 72-20,50000,2,2392,2023-04-21
농업회사법인(주)동일농장 대소3지점,종계/산란계,충청북도 음성군 대소면 부윤리 248번지  ,충청북도 음성군 대소면 대동로428번길 21-32,17550,3,1950,2023-04-21
황새농장,육계,충청북도 음성군 금왕읍 구계리 429번지 3호 외 1필지 ,충청북도 음성군 금왕읍 금율로269번길 79-11,78000,9,3020,2023-04-21
마산농장,육계,충청북도 음성군 맹동면 마산리 406번지 7호 외 5필지 ,충청북도 음성군 맹동면 대동로 213-6,154000,19,8592.8,2023-04-21
장군농장,종계/산란계,충청북도 음성군 대소면 수태리 153번지  ,충청북도 음성군 대소면 수태로 206,28000,3,3204,2023-04-21
부윤농장,오리,충청북도 음성군 대소면 부윤리 산 73번지  ,충청북도 음성군 대소면 대동로537번길 80,9500,8,2340,2023-04-21
서가팜,종계/산란계,충청북도 음성군 삼성면 대정리 552 553 554 554-1 555 ,충청북도 음성군 삼성면 대정길 107,35000,2,3976,2023-04-21
서울농장,종계/산란계,충청북도 음성군 생극면 송곡리 191번지  ,충청북도 음성군 생극면 송곡길38번길 71-29,60000,2,3370,2023-04-21
국현농장,오리,충청북도 음성군 맹동면 봉현리 476번지  ,,18000,8,4170,2023-04-21
대진양계장,육계,충청북도 음성군 원남면 문암리 502번지  ,충청북도 음성군 원남면 금법길 88-30,45000,8,2688,2023-04-21
농업회사법인(주)동일농장 생극지점,종계/산란계,충청북도 음성군 생극면 팔성리 520번지 1호  ,충청북도 음성군 생극면 토끼실길 73-57,21000,3,2347,2023-04-21
덕동오리농장,오리,충청북도 음성군 금왕읍 각회리 537번지  ,충청북도 음성군 금왕읍 각구실길223번길 205,6500,7,2471,2023-04-21
명성농장,오리,충청북도 음성군 맹동면 용촌리 604번지 1호  ,충청북도 음성군 맹동면 덕금로87번길 111-39,14751,8,3628.89,2023-04-21
홍백농장,육계,충청북도 음성군 금왕읍 사창리 423번지 1호  ,충청북도 음성군 금왕읍 행제길 7-35,53000,3,1990,2023-04-21
영신농원,육계,충청북도 음성군 음성읍 석인리 45번지 4호  ,,24000,5,1502,2023-04-21
황금농장,육계,충청북도 음성군 소이면 중동리 371번지 2호  ,,55000,3,2592,2023-04-21
형제농장,육계,충청북도 음성군 소이면 비산리 963번지 외 4필지(963-2  963-3  960  960-3) ,충청북도 음성군 소이면 충청대로 1780-11,100000,3,4497.3,2023-04-21
원남농장,육계,충청북도 음성군 원남면 상노리 644번지  ,충청북도 음성군 원남면 상노길 281,60000,2,2368,2023-04-21
진세농원,종계/산란계,충청북도 음성군 생극면 임곡리 258번지 1호  ,충청북도 음성군 생극면 임곡길271번길 21,15291,3,1699,2023-04-21
청운농장,종계/산란계,충청북도 음성군 생극면 병암리 234번지  ,충청북도 음성군 생극면 안곤재길 87,125000,2,6449,2023-04-21
소석농장,육계,충청북도 음성군 대소면 소석리 13번지 1호  ,충청북도 음성군 대소면 대금로 614-17,45010,11,2870,2023-04-21
승순농장,종계/산란계,충청북도 음성군 삼성면 대야리 80번지 9호  ,충청북도 음성군 삼성면 덕호로36번길 146,200000,2,5400,2023-04-21
기흥농장,종계/산란계,충청북도 음성군 생극면 송곡리 417번지 6호  ,충청북도 음성군 생극면 송곡길 113-12,21000,2,3004,2023-04-21
한솔제3농장,종계/산란계,충청북도 음성군 원남면 하노리 534번지  ,충청북도 음성군 원남면 상노길 51-60,20000,1,2923.2,2023-04-21
한솔제2농장,종계/산란계,충청북도 음성군 원남면 하노리 533번지 2호  ,충청북도 음성군 원남면 상노길 51-66,250000,3,14095,2023-04-21
삼원농장,종계/산란계,충청북도 음성군 소이면 충도리 502번지  ,충청북도 음성군 소이면 충도로 190,77000,1,4347.6,2023-04-21
열음농장,종계/산란계,충청북도 음성군 소이면 중동리 829번지  ,충청북도 음성군 소이면 중동길168번길 21,2800,6,1482.4,2023-04-21
농업회사법인(주)동일농장 대소2지점,종계/산란계,충청북도 음성군 대소면 삼호리 394번지  ,충청북도 음성군 대소면 삼양로 872-61,40000,2,1865.78,2023-04-21
중부농장,오리,충청북도 음성군 맹동면 마산리 530번지 2호  ,충청북도 음성군 맹동면 대동로235번길 35,10000,7,2984,2023-04-21
농업회사법인(주)동일농장 삼성지점,종계/산란계,충청북도 음성군 삼성면 대정리 562번지  ,충청북도 음성군 삼성면 대정길 47,15000,3,1663,2023-04-21
대왕농장1,오리,충청북도 음성군 맹동면 봉현리 300번지 2호  ,충청북도 음성군 맹동면 봉현로 195,7200,1,1776,2023-04-21
농업회사법인 주식회사 알로팜 용계지점,종계/산란계,충청북도 음성군 금왕읍 용계리 413번지  ,충청북도 음성군 금왕읍 오룡길 57-51,0,4,6198.9,2023-04-21
두리농장,육계,충청북도 음성군 맹동면 신돈리 51번지 3호  ,충청북도 음성군 맹동면 원중로 1553,68000,8,3081.6,2023-04-21
우화농장,종계/산란계,충청북도 음성군 음성읍 용산리 75번지 1호  ,충청북도 음성군 음성읍 용광로114번길 103-44,322560,4,8336,2023-04-21
서원농장,육계,충청북도 음성군 금왕읍 호산리 925번지  ,충청북도 음성군 금왕읍 생삼로 486-52,80000,3,3808,2023-04-21
대박농장,오리,충청북도 음성군 맹동면 용촌리 69번지  ,,9500,2,2349,2023-04-21
대성농장,육계,충청북도 음성군 맹동면 봉현리 258번지 외 4필지 ,충청북도 음성군 맹동면 대동로 264-39 (외 4필지),119000,10,5564,2023-04-21
농업회사법인주식회사 동일농장,종계/산란계,충청북도 음성군 대소면 삼호리 454번지  ,충청북도 음성군 대소면 삼양로 918-27,0,4,4521,2023-04-21
한솔제1농장,산란육성계,충청북도 음성군 소이면 충도리 501번지  ,,165000,2,4898.88,2023-04-21
왕봉농장,오리,충청북도 음성군 맹동면 봉현리 193번지 5호  ,충청북도 음성군 맹동면 대동로 288-53,6400,3,1595.5,2023-04-21
일승오리농장,오리,충청북도 음성군 금왕읍 각회리 553번지  ,충청북도 음성군 금왕읍 각구실길223번길 87-55,13000,9,4196,2023-04-21
준희농장,육계,충청북도 음성군 맹동면 봉현리 695번지  ,충청북도 음성군 맹동면 용촌길 183-55,80000,14,5695,2023-04-21
미곡농장,육계,충청북도 음성군 대소면 미곡리 402번지   401-1  401-2 ,충청북도 음성군 대소면 오태로116번길 349-12,56000,2,2627,2023-04-21
류봉농장3,육계,충청북도 음성군 맹동면 봉현리 200번지 2호 외 1필지(200-1) ,,56000,4,3190,2023-04-21
두재농장,오리,충청북도 음성군 삼성면 청용리 489번지 3호  ,,18000,5,3600,2023-04-21
골든팜,육계,충청북도 음성군 맹동면 용촌리 775번지  ,충청북도 음성군 맹동면 봉현로 48-47,70000,2,3256,2023-04-21
한삼농장,오리,충청북도 음성군 금왕읍 유포리 548번지  ,,20000,6,2340,2023-04-21
건영농장,육계,충청북도 음성군 맹동면 마산리 388번지 1호  ,,12000,10,3500,2023-04-21
열희농장,육계,충청북도 음성군 원남면 보천리 198번지  ,충청북도 음성군 원남면 원중로 133-55  133-49,100000,10,5213,2023-04-21
대길농장,육계,충청북도 음성군 맹동면 봉현리 681번지  ,충청북도 음성군 맹동면 봉현로 48-39,100000,5,5233,2023-04-21
영현농장,오리,충청북도 음성군 맹동면 봉현리 679번지 외 1필지 ,충청북도 음성군 맹동면 봉현로 48-29,19000,6,4791.2,2023-04-21
하얀구름,육계,충청북도 음성군 맹동면 봉현리 170번지 2호 외 2필지 ,,40000,3,2520,2023-04-21
월연농장,종계/산란계,충청북도 음성군 생극면 임곡리 145번지  ,충청북도 음성군 생극면 임곡길 183,350000,6,26213,2023-04-21
윤호농장,오리,충청북도 음성군 맹동면 봉현리 686번지  ,,10000,10,3736,2023-04-21
농업회사법인 세양(주) 음성농장,종계/산란계,충청북도 음성군 삼성면 용대리 231번지  ,충청북도 음성군 삼성면 덕호로415번길 33-78,165888,1,8709.12,2023-04-21
정일농장,오리,충청북도 음성군 맹동면 봉현리 291번지  ,충청북도 음성군 맹동면 봉현로 181,10000,9,3336,2023-04-21
하나농장,오리,충청북도 음성군 금왕읍 용계리 405번지  ,충청북도 음성군 금왕읍 오룡길 57-39,6800,5,2368.8,2023-04-21
향촌농장,오리,충청북도 음성군 삼성면 천평리 727번지 3호  ,,11000,6,2968,2023-04-21
짱구2농장,오리,충청북도 음성군 맹동면 봉현리 694번지  ,충청북도 음성군 맹동면 용촌길 183-50,27512,18,6768,2023-04-21
세움팜스,육계,충청북도 음성군 대소면 수태리 125번지 외 8필지(122 123 124 맹동면 용촌리 379 379-1 379-2 379-3 379-4) ,,130000,4,6728.8,2023-04-21
무궁화농장,육계,충청북도 음성군 맹동면 봉현리 678번지  ,충청북도 음성군 맹동면 용촌길 183-78,140000,8,6769,2023-04-21
지호농장,육계,충청북도 음성군 맹동면 봉현리 719번지  ,충청북도 음성군 맹동면 봉현로 94-21,190000,10,8740,2023-04-21
대성농장 2농장,육계,충청북도 음성군 맹동면 마산리 290번지  ,충청북도 음성군 맹동면 대동로 264-78,70000,4,3344,2023-04-21
생금,육계,충청북도 음성군 금왕읍 본대리 101번지 7호 외1필지 ,충청북도 음성군 금왕읍 신내로 550-90,100000,8,5088,2023-04-21
신우농장,오리,충청북도 음성군 맹동면 봉현리 693번지  ,충청북도 음성군 맹동면 봉현로 70-9,10000,5,3680,2023-04-21
매봉농장,오리,충청북도 음성군 금왕읍 본대리 산 7번지 4호  ,충청북도 음성군 금왕읍 신내로 550-78,24390,7,6000,2023-04-21
솔그린농장,육계,충청북도 음성군 감곡면 문촌리 448번지 3호 외 4필지 ,충청북도 음성군 감곡면 가곡로 486,60000,1,3069,2023-04-21
용원농장,육계,충청북도 음성군 맹동면 봉현리 353번지 외 3필지 ,충청북도 음성군 맹동면 봉현로 95-48,70000,14,6100,2023-04-21
정일농장 2농장,오리,충청북도 음성군 맹동면 봉현리 579번지 2호 외 1필지 ,,12000,11,4976,2023-04-21
삼성농장,육계,충청북도 음성군 삼성면 덕정리 1045번지 외 2필지 ,,90000,2,3775.3,2023-04-21
정우농장,육계,충청북도 음성군 음성읍 초천리 714번지 2호 외 1필지 ,,60000,3,2711,2023-04-21
푸른농장,육계,충청북도 음성군 대소면 수태리 126번지 외 3필지 ,충청북도 음성군 대소면 초금로 81,100000,16,5200,2023-04-21
한국오리영농조합법인 제2농장,오리,충청북도 음성군 삼성면 용대리 295번지  ,충청북도 음성군 삼성면 덕호로415번길 57,9660,5,2376,2023-04-21
해피그린농장,오리,충청북도 음성군 대소면 성본리 596번지 2호 외 3필지 ,충청북도 음성군 대소면 신내로 213-28,20000,16,5029,2023-04-21
늘푸른농장,오리,충청북도 음성군 맹동면 마산리 465번지  ,,7800,4,1926,2023-04-21
누리농장,종계/산란계,충청북도 음성군 소이면 중동리 1384번지  ,충청북도 음성군 소이면 한불로 799-2,15000,8,2560,2023-04-21
자연농장,종계/산란계,충청북도 음성군 생극면 임곡리 100번지 4호 외 1필지 ,충청북도 음성군 생극면 임곡길 224,14697,3,1633,2023-04-21
농업회사법인 주식회사 에버그린(금왕지점),메추리,충청북도 음성군 금왕읍 신평리 307번지 외 12필지 ,충청북도 음성군 금왕읍 청평길 266-38,1084800,8,5933,2023-04-21
남율농장,육계,충청북도 음성군 소이면 문등리 196번지  ,충청북도 음성군 소이면 문등로 164-26,72767,3,3358,2023-04-21
농업회사법인주식회사알부자,종계/산란계,충청북도 음성군 원남면 하노리 208번지 외2필지(208-1 213) ,충청북도 음성군 원남면 충청대로1226번길 5-32,32000,11,4068,2023-04-21
대동농장,메추리,충청북도 음성군 소이면 금고리 527번지 1호  ,충청북도 음성군 소이면 한불로 472-13,40000,2,395,2023-04-21
다움랩,육계,충청북도 음성군 삼성면 덕정리 38번지 외 5필지 ,충청북도 음성군 삼성면 금일로 751-49,120000,5,6054.7,2023-04-21
형제메추리농장,메추리,충청북도 음성군 원남면 덕정리 194번지  ,충청북도 음성군 원남면 보덕로297번길 33-33,70000,2,507.6,2023-04-21
정우농장 2,육계,충청북도 음성군 삼성면 대야리 428번지  ,충청북도 음성군 삼성면 대양로 169-42,110000,4,5595.2,2023-04-21
한빛타조농장,타조,충청북도 음성군 맹동면 봉현리 300번지 외 1필지(250번지) ,충청북도 음성군 맹동면 봉현로 187,53,0,5700,2023-04-21
청해농장,오리,충청북도 음성군 삼성면 용대리 155번지  ,,9000,8,2312,2023-04-21
천평농장,오리,충청북도 음성군 삼성면 천평리 682번지 1호  ,충청북도 음성군 삼성면 대성로205번길 19-45,20000,10,6165,2023-04-21
건영농장 2,오리,충청북도 음성군 맹동면 마산리 425번지  ,충청북도 음성군 맹동면 대동로235번길 36-10,5000,7,1980,2023-04-21
모란제2농장,오리,충청북도 음성군 삼성면 청용리 516번지 1호  ,충청북도 음성군 삼성면 대청로 162-40,20000,11,6682,2023-04-21
모란제1농장,오리,충청북도 음성군 삼성면 청용리 483번지  ,충청북도 음성군 삼성면 대청로 162-50,11900,3,2928,2023-04-21
수농장,오리,충청북도 음성군 대소면 삼정리 764번지 1호  ,충청북도 음성군 대소면 오태로116번길 275-133,16000,5,3969,2023-04-21
모란농장,오리,충청북도 음성군 삼성면 청용리 485번지  ,충청북도 음성군 삼성면 대청로 162-50,5500,2,1700,2023-04-21
조은농장,종계/산란계,충청북도 음성군 음성읍 한벌리 산 47번지 1호  ,충청북도 음성군 음성읍 가섭길 192-38,100,2,128,2023-04-21
육일농장,종계/산란계,충청북도 음성군 삼성면 양덕리 421번지  ,,50,1,45,2023-04-21
개나리농장,육계,충청북도 음성군 금왕읍 내송리 301번지  ,충청북도 음성군 금왕읍 금일로 167-45,60000,8,2893,2023-04-21
음성농촌관광농원,육계,충청북도 음성군 원남면 구안리 168번지  ,,6,1,30,2023-04-21
에덴농원,육계,충청북도 음성군 금왕읍 오선리 390번지  ,충청북도 음성군 금왕읍 초금로695번길 23-54,200,1,50,2023-04-21
태성농장,육계,충청북도 음성군 원남면 삼용리 688번지 8호  ,충청북도 음성군 원남면 원중로 655-1,60000,10,3984,2023-04-21
삼원농장 1,오리,충청북도 음성군 맹동면 마산리 464번지 외 1필지 ,,8800,3,2195.2,2023-04-21
삼원농장,오리,충청북도 음성군 맹동면 마산리 463번지 1호  ,충청북도 음성군 맹동면 덕금로235번길 57-10  외 4필지,18500,7,4600,2023-04-21
태성농장,육계,충청북도 음성군 원남면 삼용리 688번지 5호  ,충청북도 음성군 원남면 원중로 655,48000,8,3154,2023-04-21
지남식,육계,충청북도 음성군 맹동면 봉현리 706번지 외 1필지 ,충청북도 음성군 맹동면 봉현로 94-32,46000,5,3600,2023-04-21
류봉농장2,육계,충청북도 음성군 대소면 미곡리 산 2번지 2호  ,충청북도 음성군 대소면 오태로116번길 275-113,92000,10,4436,2023-04-21
신광태농장,육계,충청북도 음성군 삼성면 대정리 1번지 1호  ,,50,1,49,2023-04-21
농업회사법인 (주) 조하 삼성지점,종계/산란계,충청북도 음성군 삼성면 능산리 360번지 1호  ,충청북도 음성군 삼성면 금율로389번길 97-41,255381,19,21462.2,2023-04-21
휴먼앤팜,종계/산란계,충청북도 음성군 소이면 비산리 670번지 외 11필지 ,충청북도 음성군 소이면 충청대로 1822-50 (외 11필지),8920,2,991.2,2023-04-21
감곡벤처농장,오리,충청북도 음성군 감곡면 문촌리 983번지 4호  ,,13487,1,3318,2023-04-21
만석농장,종계/산란계,충청북도 음성군 원남면 보룡리 86번지  ,충청북도 음성군 원남면 보덕로 73-2,0,1,92,2023-04-21
민섭민준이네농장,육계,충청북도 음성군 맹동면 용촌리 604번지  ,충청북도 음성군 맹동면 덕금로87번길 111-39,55000,4,2796,2023-04-21
계구쟁이농장,종계/산란계,충청북도 음성군 삼성면 능산리 122번지  122-1 ,충청북도 음성군 삼성면 금율로389번길 121-13,108864,2,5443.2,2023-04-21
농업회사법인(주)조하,종계/산란계,충청북도 음성군 맹동면 봉현리 363번지 외 7필지 ,충청북도 음성군 맹동면 대동로389번길 61 (외 7필지),86175,7,9575,2023-04-21
농업회사법인 (주) 조하 삼성지점,종계+산란계,충청북도 음성군 삼성면 능산리 360번지 1호  ,충청북도 음성군 삼성면 금율로389번길 97-41,,,,2023-04-21
휴먼앤팜,종계+산란계,충청북도 음성군 소이면 비산리 670번지 외 11필지 ,충청북도 음성군 소이면 충청대로 1822-50 (외 11필지),,,,2023-04-21
감곡벤처농장,육용오리,충청북도 음성군 감곡면 문촌리 983번지 4호  ,,,,,2023-04-21
민섭민준이네농장,육계,충청북도 음성군 맹동면 용촌리 604번지  ,충청북도 음성군 맹동면 덕금로87번길 111-39,,,,2023-04-21
