연번,사업장명칭,축종,사업장소재지,사육면적(제곱미터)
6,갈미농장,종계/산란계,충청북도 진천군 이월면 중산리 549번지 1호 갈미농장 ,5040
9,윤일농장,육계,충청북도 진천군 덕산읍 화상리 378번지 2호  ,2927
10,양촌농장,종계/산란계,충청북도 진천군 덕산읍 구산리 192번지 1호  ,3459
11,장곡농장,육계,충청북도 진천군 진천읍 행정리 197번지 1호  ,3333
12,규해농장,육계,충청북도 진천군 진천읍 행정리 357번지  ,980
14,농업회사법인(주)동일농장 이월지점,종계/산란계,충청북도 진천군 이월면 미잠리 250번지  ,2343
22,여명농장,육계,충청북도 진천군 백곡면 대문리 583번지  ,2334
23,정우농장,종계/산란계,충청북도 진천군 이월면 삼용리 164번지 1호  ,2348
24,한터농장,육계,충청북도 진천군 덕산읍 화상리 203번지  ,1574
28,용몽농장,육계,충청북도 진천군 덕산읍 용몽리 276번지 양계장 ,1782
30,비에스에코팜,종계/산란계,충청북도 진천군 덕산읍 인산리 701번지  ,1728
47,한우리농장,종계/산란계,충청북도 진천군 문백면 계산리 산 50번지 1호  ,1765
49,미호농장,오리,"충청북도 진천군 덕산읍 인산리 636번지 1호 637-3,637-2,637-1,636-3,636-2 ",5974
57,백일농장,오리,"충청북도 진천군 진천읍 문봉리 23번지 외 5필지(21,22-1,22-3,24,424-1) ",1885
71,부성농장,오리,충청북도 진천군 이월면 사곡리 233번지  ,2780
83,대승농장,육계,충청북도 진천군 덕산읍 구산리 501번지 9호  ,3525
87,우영농장,오리,충청북도 진천군 덕산읍 석장리 33번지  ,2380
88,유니농장,오리,"충청북도 진천군 덕산읍 화상리 156번지 외 6필지(137-1, 150, 150-1, 150-3, 150-4, 156-3) ",3863
94,사랑오리농장,오리,충청북도 진천군 문백면 계산리 107번지 2호  ,3930
109,선민농장,오리,충청북도 진천군 진천읍 행정리 387번지 1호  ,1886
122,모래봉농장,오리,충청북도 진천군 덕산읍 용몽리 5번지  ,2590
134,꿀물농장,오리,충청북도 진천군 이월면 삼용리  ,3300
139,농업회사법인(주)에버그린 진천지점,종계/산란계,충청북도 진천군 덕산읍 화상리 165번지 외 18필지 ,10621
153,건농장,육계,"충청북도 진천군 덕산읍 인산리 1209번지 , 1210 ",5525
162,엄해열,육계,충청북도 진천군 이월면 신월리 산 92번지 1호  ,660
184,(주)드리밍에그,종계/산란계,충청북도 진천군 문백면 계산리 519번지  ,2414
186,도날드농장,오리,충청북도 진천군 진천읍 행정리 387번지 1호  ,1886
191,화산농장,오리,충청북도 진천군 이월면 신계리 362번지 2호  ,2310
195,태진,오리,충청북도 진천군 이월면 신월리 685번지 4호  ,2340
197,석화농원,오리,충청북도 진천군 이월면 삼용리 785번지 3호  ,4980
198,은영농장,오리,충청북도 진천군 이월면 삼용리 149번지 1호  ,3922
199,초원농장,오리,충청북도 진천군 이월면 동성리 881번지  ,4906
203,농업회사법인(주)동일농장이월2지점,종계/산란계,충청북도 진천군 이월면 미잠리 294번지  ,1400
206,황금농장,육계,충청북도 진천군 이월면 사곡리 97번지  ,3100
207,우혁농장,오리,충청북도 진천군 덕산읍 기전리 466번지 3호  ,4984
214,한별농장,육계,충청북도 진천군 초평면 중석리 1717번지  ,2079
227,문백축산,오리,충청북도 진천군 문백면 봉죽리 산 18번지 1호  ,3437
230,윤**농장,오리,충청북도 진천군 이월면 삼용리 산 96번지 6호  ,23100
234,대정농장,육계,충청북도 진천군 이월면 동성리 783번지  ,3960
240,오창농장,육계,"충청북도 진천군 문백면 은탄리 457번지 2호 , 457-5, 산92-1 ",10419
245,성주농장,종계/산란계,충청북도 진천군 이월면 동성리 838번지  ,2082
246,수지농장,오리,충청북도 진천군 덕산읍 화상리 458번지  ,2808
252,오갑농장,오리,충청북도 진천군 초평면 오갑리 7번지  ,4676
253,대호농장,오리,"충청북도 진천군 이월면 삼용리 452번지 1호 , 452-2, 431-4 ",4809
254,팔팔농장,육계,충청북도 진천군 이월면 동성리 884번지  ,3795
261,종일농장,오리,충청북도 진천군 덕산읍 합목리 359번지 6호  ,5552
263,엄지농장,오리,충청북도 진천군 덕산읍 인산리 699번지  ,4000
266,정연농장,오리,"충청북도 진천군 이월면 삼용리 1168번지 1169, 1170 ",6020
268,해든농장,오리,충청북도 진천군 초평면 용산리 819번지 외 3필지 ,4530
269,샤론농장,종계/산란계,충청북도 진천군 초평면 오갑리 311번지  ,4792
271,친친농장,육계,충청북도 진천군 덕산읍 용몽리 978번지  ,4599
276,우진농장,육계,충청북도 진천군 이월면 동성리 836번지  ,3960
278,창성농장,오리,충청북도 진천군 덕산읍 인산리 1195번지  ,10162
279,낙천그린농장,육계,충청북도 진천군 진천읍 상신리 589번지  ,2173
281,지암농장,육계,충청북도 진천군 진천읍 지암리 1200번지  ,3752
282,에그랑농장,종계/산란계,충청북도 진천군 초평면 오갑리 73번지  ,2310
283,은혜커농장,육계,충청북도 진천군 초평면 중석리 1707번지  ,3768
287,시골농장,육계,충청북도 진천군 백곡면 양백리 270번지 1호  ,870
288,덕산농장,종계/산란계,충청북도 진천군 덕산읍 인산리 1180번지  ,3105
291,도원농장,육계,충청북도 진천군 초평면 용기리 1번지 6호  ,2784
297,청남농장,메추리,충청북도 진천군 광혜원면 실원리 208번지  ,1467
309,진영축산,육계,충청북도 진천군 덕산읍 산수리 924번지 925 삼용리 1193 1195 1196 ,5956
310,미래축산,육계,충청북도 진천군 이월면 동성리 783번지 1호  ,1980
311,농업회사법인(주)유정마을 진천지점,종계/산란계,충청북도 진천군 진천읍 상신리 566번지 567 ,4933
313,윤**농장,오리,"충청북도 진천군 이월면 삼용리 553번지 1호 외2(554,554-1) ",3589
317,선농장,육계,충청북도 진천군 진천읍 상신리 573번지  ,2091
322,부림1농장,육계,충청북도 진천군 진천읍 상신리 592번지  ,4015
324,태원농장,육계,충청북도 진천군 이월면 삼용리 1099번지  ,4800
326,꿀벌농장,육계,충청북도 진천군 초평면 용기리 385번지  ,2325
332,장원농장,육계,충청북도 진천군 진천읍 상신리 551번지  ,2909
338,신영농장,육계,충청북도 진천군 이월면 동성리 404번지 3호  ,1355
342,초평농장,종계/산란계,충청북도 진천군 초평면 신통리 211번지  ,8432
343,태경농장,육계,충청북도 진천군 초평면 용산리 1010번지  ,2940
345,대국농장,종계/산란계,충청북도 진천군 진천읍 문봉리 185번지  ,3304
346,단원농장,종계/산란계,"충청북도 진천군 이월면 삼용리 1184번지 외 2필지(1185, 917) ",5872
347,에코팜,종계/산란계,충청북도 진천군 초평면 중석리 1390번지  ,616
349,이삭농장,육계,충청북도 진천군 이월면 중산리 631번지 외 1필지 ,3638
351,디딤돌농장,오리,충청북도 진천군 이월면 삼용리 874번지 1호  ,2822
354,예서농장,육계,충청북도 진천군 덕산읍 구산리 137번지  ,3576
359,꿍이네농장,종계/산란계,충청북도 진천군 덕산읍 한천리 495번지 3호  ,3350
360,별이네농장,종계/산란계,충청북도 진천군 덕산읍 한천리 495번지  ,3351
364,하늘샘농장,산란육성계,충청북도 진천군 초평면 오갑리 81번지  ,2082
366,하늘농장,육계,충청북도 진천군 초평면 용산리 1005번지 외 2필지 ,2289
373,농업회사법인(주)재유농원 진천지점,종계/산란계,"충청북도 진천군 초평면 중석리 1828번지 ,1829 ",4436
375,부림2농장,육계,충청북도 진천군 진천읍 상신리 594번지  ,757
389,송원농장,육계,충청북도 진천군 이월면 중산리 631번지 1호  ,4006
403,영민 농장,육계,충청북도 진천군 백곡면 대문리 590번지 591번지 592번지 ,1512
404,햇살 농장,육계,충청북도 진천군 이월면 동성리 840번지  ,4375
410,황금농장,종계/산란계,"충청북도 진천군 문백면 계산리 508번지 506, 507, 509, 555, 601, 504 ",3009
412,서경 농장,육계,충청북도 진천군 이월면 동성리 828번지  ,2291
428,예민꿩농장,꿩,충청북도 진천군 문백면 태락리 529번지 3호  ,420
483,원천농장,종계/산란계,충청북도 진천군 문백면 계산리 169번지  ,3430
485,송림농장,육용오리,충청북도 진천군 이월면 송림리 89번지 3호 주식회사 주원산오리 ,7995
499,영농조합법인 정원농장 진천지점,메추리,충청북도 진천군 초평면 오갑리 322번지 322-1 322-2 322-3 ,3260
511,박** 농장,육계,충청북도 진천군 이월면 사곡리 28번지  ,3057
