시군명,농장명,상세구분,소재지우편번호,소재지도로명주소,소재지지번주소,WGS84위도,WGS84경도,사육두수(마리),조사날짜,축종명,데이터기준일자,비고
안성시,(주)한강식품 안성농장,육계,17596.0,경기도 안성시 중리동 79번지 7호,경기도 안성시 발화대길 301-52(중리동),36.9789954496,127.2892823291,70000,2025-04-30,닭,20240208.0,
안성시,NES농장,산란계,17527.0,경기도 안성시 일죽면 국동길 78-86,경기도 안성시 일죽면 능국리 7번지 1호,127.5022345,37.1114922,58000,2018-03-14,,,
안성시,NES농장,산란계,17527.0,경기도 안성시 일죽면 능국리 7번지 1호,경기도 안성시 일죽면 국동길 78-86,37.1118797316,127.5022371094,100000,2025-07-31,닭,20240208.0,
안성시,NES농장,산란계,17527.0,경기도 안성시 일죽면 국동길 78-86,경기도 안성시 일죽면 능국리 7번지 1호,37.1114922,127.5022345,58000,2020-06-30,닭,20181129.0,
안성시,NES농장,산란계,17527.0,경기도 안성시 일죽면 국동길 78-86,경기도 안성시 일죽면 능국리 7번지 1호,37.1112428218,127.5016995946,100000,2021-06-30,닭,20210618.0,
안성시,NES농장2,산란계,17527.0,경기도 안성시 일죽면 국동길 78-64,경기도 안성시 일죽면 능국리 4번지 외 1필지(4-2),37.1110957,127.5001055,110000,2021-04-30,닭,20181129.0,
안성시,NES농장2,산란계,17527.0,경기도 안성시 일죽면 국동길 78-64,경기도 안성시 일죽면 능국리 4번지 외 1필지(4-2),37.1110625487,127.5001463497,110000,2021-09-30,닭,20210618.0,
안성시,NES농장2,산란계,17527.0,경기도 안성시 일죽면 능국리 4번지 외 1필지(4-2),경기도 안성시 일죽면 국동길 78-64,37.1109633919,127.4999775192,110000,2025-04-30,닭,20240208.0,
안성시,NES농장2,산란계,17527.0,경기도 안성시 일죽면 국동길 78-64,경기도 안성시 일죽면 능국리 4번지 외 1필지(4-2),127.5001055,37.1110957,65000,2018-03-14,,,
안성시,가이안농장,,17509.0,,경기도 안성시 보개면 기좌리 124번지 1호,37.0354397,127.2918503,9000,2019-01-31,오리,,
안성시,가족농장,,17603.0,경기도 안성시 미양면 보촌4길 59,경기도 안성시 미양면 고지리 574번지 2호,36.9584163,127.2047427,3000,2021-04-30,오리,20181129.0,
안성시,가족농장,육계,17603.0,경기도 안성시 미양면 보촌4길 59,경기도 안성시 미양면 고지리 574번지 2호 외 1필지,36.9585780201,127.2048001246,14000,2021-11-30,닭,20210618.0,
안성시,강덕농장,종계,17604.0,"경기도 안성시 미양면 강덕리 101번지 6호 , 101-4",경기도 안성시 미양면 강덕3길 23,36.9509465581,127.2251590035,48950,2026-01-31,닭,20240208.0,
안성시,강덕농장,육계,17604.0,경기도 안성시 미양면 강덕3길 23,경기도 안성시 미양면 강덕리 101번지 6호 외1필지(101-4),36.9509465581,127.2251590035,45500,2021-07-31,닭,20210618.0,
안성시,강릉농장,육계,17533.0,,경기도 안성시 일죽면 금산리 134번지,127.5073551,37.0726895,55000,2018-04-30,,,
안성시,강릉농장,육계,17533.0,,경기도 안성시 일죽면 금산리 134번지,,,55000,2019-02-28,닭,20181129.0,
안성시,경기농장,산란계,17557.0,경기도 안성시 원곡면 기업단지로 237-30,경기도 안성시 원곡면 반제리 430번지 외1필지,37.0158883157,127.1597708929,30000,2021-06-30,닭,20210618.0,
안성시,경기농장,산란계,17557.0,경기도 안성시 원곡면 기업단지로 237-30,경기도 안성시 원곡면 반제리 430번지 외1필지,127.1597457,37.0158554,30000,2018-03-14,,,
안성시,경기농장,산란계,17557.0,경기도 안성시 원곡면 기업단지로 237-30,경기도 안성시 원곡면 반제리 430번지 외1필지,37.0158554,127.1597457,30000,2019-01-31,닭,,
안성시,경기농장,산란계,17557.0,경기도 안성시 원곡면 반제리 430번지 외1필지,경기도 안성시 원곡면 기업단지로 237-30,37.0158883157,127.1597708929,27800,2026-02-26,닭,20240208.0,
안성시,경남축산,육계,17555.0,경기도 안성시 원곡면 만세로 1286-7,경기도 안성시 원곡면 외가천리 142번지 25호,127.1393858,37.0414888,54000,2018-03-14,,,
안성시,경남축산,육계,17555.0,경기도 안성시 원곡면 만세로 1286-7,경기도 안성시 원곡면 외가천리 142번지 25호,37.0413265,127.1394754,54000,2020-11-30,닭,20181129.0,
안성시,경운농장,종계,17531.0,경기도 안성시 일죽면 장암리 237번지 5호,경기도 안성시 일죽면 장암리 237번지 5호,,,27000,2026-01-31,닭,20240208.0,
안성시,경운농장,육계,17531.0,경기도 안성시 일죽면 장암로 122-7,경기도 안성시 일죽면 장암리 237번지 5호,37.0736115185,127.4633143302,27000,2021-07-31,닭,20210618.0,
안성시,경원농장,산란계,17512.0,경기도 안성시 삼죽면 월앙길 50-40,경기도 안성시 삼죽면 내장리 211번지,37.0804089,127.3988365,5000,2018-12-31,닭,,
안성시,경원농장,산란계,17512.0,경기도 안성시 삼죽면 월앙길 50-40,경기도 안성시 삼죽면 내장리 211번지,127.3988365,37.0804089,5000,2018-09-30,,,
안성시,경원농장,산란계,17512.0,경기도 안성시 삼죽면 월앙길 50-40,경기도 안성시 삼죽면 내장리 211번지,37.0803889995,127.3989900677,5000,2021-09-30,닭,20210618.0,
안성시,경훈농장,산란계,17603.0,경기도 안성시 미양면 고지길 126,경기도 안성시 미양면 고지리 520번지,36.9624672354,127.2100760502,10000,2021-06-30,닭,20210618.0,
안성시,계림농원,육계,17608.0,경기도 안성시 서운면 서미로 141-107,경기도 안성시 서운면 현매리 628번지 1호,36.9304724856,127.2128135576,50000,2021-06-30,닭,20210618.0,
안성시,계림농원,육계,17608.0,경기도 안성시 서운면 현매리 628번지 1호,경기도 안성시 서운면 서미로 141-107,36.9312256739,127.2129095868,50000,2026-02-26,닭,20240208.0,
안성시,계림농원,육계,17608.0,경기도 안성시 서운면 서미로 141-107,경기도 안성시 서운면 현매리 628번지 1호,127.2126609,36.9305863,50000,2018-10-31,,,
안성시,계림농원,육계,17608.0,경기도 안성시 서운면 서미로 141-107,경기도 안성시 서운면 현매리 628번지 1호,36.9305863,127.2126609,50000,2019-07-31,닭,20181129.0,
안성시,관희농장,,17508.0,"경기도 안성시 보개면 서동대로 5590-16 (외 2필지(693-4,695-1))","경기도 안성시 보개면 양복리 694번지 외 2필지(693-4,695-1)",37.0121353,127.3108971,12000,2019-12-31,오리,20181129.0,
안성시,구수리 농장,육계,17600.0,,경기도 안성시 미양면 구수리 45번지 3호,36.9731646,127.2574632,140000,2020-01-31,닭,20181129.0,
안성시,구수리 농장,육계,17600.0,,경기도 안성시 미양면 구수리 45번지 3호,127.2574632,36.9731646,140000,2018-04-30,,,
안성시,구오농장,육계,17606.0,경기도 안성시 서운면 신동촌길 68-21,경기도 안성시 서운면 신능리 141번지 1호,127.2742057,36.9662794,55000,2018-04-30,,,
안성시,구오농장,육계,17606.0,경기도 안성시 서운면 신동촌길 68-21,경기도 안성시 서운면 신능리 141번지 1호,36.9662794,127.2742057,55000,2019-06-30,닭,20181129.0,
안성시,구오농장,육계,17606.0,경기도 안성시 서운면 신능리 141번지 1호,경기도 안성시 서운면 신동촌길 68-21,,,55000,2026-01-31,닭,20240208.0,
안성시,구오농장,육계,17606.0,경기도 안성시 서운면 신동촌길 68-21,경기도 안성시 서운면 신능리 141번지 1호,36.9661681336,127.2746910468,55000,2021-11-30,닭,20210618.0,
안성시,구칠농장,산란계,17604.0,경기도 안성시 미양면 고지리 69번지 4호 (위쪽축사),"경기도 안성시 미양면 고지1길 131-52, (위쪽축사)",36.9556448836,127.2220532058,0,2025-04-30,닭,20240208.0,
안성시,구칠농장,산란계,17604.0,경기도 안성시 미양면 고지1길 131-52,경기도 안성시 미양면 고지리 69번지 4호,36.9550611,127.2217999,83720,2019-01-31,닭,,
안성시,구칠농장,육계,17604.0,"경기도 안성시 미양면 고지1길 131-52, (위쪽축사)",경기도 안성시 미양면 고지리 69번지 4호 (위쪽축사),36.9556448836,127.2220532058,80000,2021-09-30,닭,20210618.0,
안성시,금강농장,육계,17554.0,경기도 안성시 원곡면 천덕산로 524,경기도 안성시 원곡면 성주리 342번지 2호,37.0878221829,127.1503693643,45000,2021-11-30,닭,20210618.0,
안성시,금강농장,육계,17554.0,경기도 안성시 원곡면 천덕산로 524,경기도 안성시 원곡면 성주리 342번지 2호,37.0872045,127.1502762,45000,2020-05-31,닭,20181129.0,
안성시,금강농장,육계,17554.0,경기도 안성시 원곡면 천덕산로 524,경기도 안성시 원곡면 성주리 342번지 2호,127.1502762,37.0872045,45000,2018-08-31,,,
안성시,금강농장,육계,17554.0,경기도 안성시 원곡면 성주리 342번지 2호,경기도 안성시 원곡면 천덕산로 524,,,45000,2025-07-31,닭,20240208.0,
안성시,금강농장,육계,17604.0,경기도 안성시 미양면 양변길 145,경기도 안성시 미양면 강덕리 12번지 1호 외4필지,127.2315719,36.9601157,10000,2018-04-30,,,
안성시,금광농장,산란계,17534.0,경기도 안성시 금광면 사흥길 169-66,경기도 안성시 금광면 사흥리 118번지,37.0025837,127.3740085,50000,2020-04-30,닭,20181129.0,
안성시,금광농장,산란계,17534.0,경기도 안성시 금광면 사흥길 169-66,경기도 안성시 금광면 사흥리 118번지,127.3740085,37.0025837,50000,2018-09-30,,,
안성시,금광농장,종계,17534.0,경기도 안성시 금광면 사흥리 118번지 외 1필지(119),경기도 안성시 금광면 사흥길 169-66,37.0025800905,127.3739281893,22000,2025-04-30,닭,20240208.0,
안성시,금광농장,육계,17534.0,경기도 안성시 금광면 사흥길 169-66,경기도 안성시 금광면 사흥리 118번지 외 1필지(119),37.0025800905,127.3739281893,15400,2021-09-30,닭,20210618.0,
안성시,금평농장,육계,17533.0,경기도 안성시 일죽면 금산리 산 14번지 1호,경기도 안성시 일죽면 율동길 73-84,37.0774355493,127.5037092397,8000,2025-04-30,닭,20240208.0,
안성시,금평농장,육계,17533.0,경기도 안성시 일죽면 율동길 77-34 (금산리),경기도 안성시 일죽면 금산리 50번지 8호,37.0747404,127.5102924,8000,2020-01-31,닭,20181129.0,
안성시,금평농장,육계,17533.0,경기도 안성시 일죽면 율동길 73-84,경기도 안성시 일죽면 금산리 산 14번지 1호,37.0768893332,127.5036113811,8000,2021-07-31,닭,20210618.0,
안성시,금평농장,육계,17533.0,경기도 안성시 일죽면 율동길 77-34,경기도 안성시 일죽면 금산리 50번지 8호,127.5102924,37.0747404,8000,2018-10-31,,,
안성시,길담농장,,17506.0,경기도 안성시 보개면 동평길 134-66,경기도 안성시 보개면 동평리 32번지,37.0837065,127.3277526,20000,2020-01-31,오리,20181129.0,
안성시,길담농장,오리,17506.0,경기도 안성시 보개면 동평리 32번지,경기도 안성시 보개면 동평길 134-66,37.084327425,127.327830952,20000,2025-05-31,오리,20240208.0,
안성시,길담농장,,17506.0,경기도 안성시 보개면 동평길 134-66,경기도 안성시 보개면 동평리 32번지,37.084327425,127.327830952,20000,2025-05-31,오리,20240208.0,
안성시,꼬꼬농장,육계,17508.0,경기도 안성시 보개면 내방리 228번지 4호 외 4필지,경기도 안성시 보개면 내방길 55-36,37.0204198687,127.31268618,69664,2026-02-26,닭,20240208.0,
안성시,꼬꼬농장,육계,17508.0,경기도 안성시 보개면 내방길 55-36,경기도 안성시 보개면 내방리 228번지 4호 외 4필지,37.0204198687,127.31268618,69664,2021-09-30,닭,20210618.0,
안성시,나루농장,육계,17509.0,경기도 안성시 보개면 한사울길 212,경기도 안성시 보개면 적가리 199번지,37.0527134,127.2842037,55000,2020-07-31,닭,20181129.0,
안성시,나루농장,육계,17509.0,경기도 안성시 보개면 적가리 199번지,경기도 안성시 보개면 한사울길 212,37.0526887688,127.2846475481,55000,2026-02-26,닭,20240208.0,
안성시,나루농장,육계,17509.0,경기도 안성시 보개면 한사울길 212,경기도 안성시 보개면 적가리 199번지,127.2842037,37.0527134,55000,2018-10-31,,,
안성시,나루농장,육계,17509.0,경기도 안성시 보개면 한사울길 212,경기도 안성시 보개면 적가리 199번지,37.0526887688,127.2846475481,55000,2021-11-30,닭,20210618.0,
안성시,남풍농원,육계,17507.0,경기도 안성시 보개면 보개원삼로 910-2 (남풍리),경기도 안성시 보개면 남풍리 944번지 1호,37.0788479,127.3081191,500,2019-02-28,닭,20181129.0,
안성시,남풍농원,육계,17507.0,경기도 안성시 보개면 보개원삼로 910-2,경기도 안성시 보개면 남풍리 944번지 1호,37.0789337075,127.3081433447,500,2021-06-30,닭,20210618.0,
안성시,남풍농원,육계,17507.0,경기도 안성시 보개면 남풍리 944번지 1호,경기도 안성시 보개면 남풍리 944번지 1호,37.0789649289,127.3081983073,500,2025-05-31,닭,20240208.0,
안성시,남풍농원,육계,17507.0,경기도 안성시 보개면 보개원삼로 910-2,경기도 안성시 보개면 남풍리 944번지 1호,127.3081191,37.0788479,500,2018-09-30,,,
안성시,노동 농장,,17527.0,,경기도 안성시 일죽면 능국리 678번지 3호,37.1134623,127.4878237,6000,2020-11-30,오리,20181129.0,
안성시,노동 농장,,17527.0,,경기도 안성시 일죽면 능국리 678번지 3호,,,6000,2025-07-31,오리,20240208.0,
안성시,노동 농장,,17527.0,,경기도 안성시 일죽면 능국리 678번지 3호,37.113462318,127.4878237822,6000,2021-09-30,오리,20210618.0,
안성시,노동 농장,오리,17527.0,경기도 안성시 일죽면 능국리 678번지 3호,경기도 안성시 일죽면 능국리 678번지 3호,,,6000,2025-07-31,오리,20240208.0,
안성시,농부마을,산란계,17512.0,경기도 안성시 삼죽면 내장리 211번지,경기도 안성시 삼죽면 월앙길 50-40,37.0802716314,127.398776458,0,2025-07-31,닭,20240208.0,
안성시,농업회사법인 골드아이(유),산란계,17527.0,경기도 안성시 일죽면 능국리 310번지 1호,경기도 안성시 일죽면 서동대로 7626-29,,,570960,2025-08-31,닭,20240208.0,
안성시,농업회사법인 골드아이(유),산란계,17527.0,경기도 안성시 일죽면 서동대로 7626-29,경기도 안성시 일죽면 능국리 310번지 1호,37.1003213,127.4887411,590000,2019-07-31,닭,20181129.0,
안성시,농업회사법인 골드아이(유),산란계,17527.0,경기도 안성시 일죽면 서동대로 7626-29,경기도 안성시 일죽면 능국리 310번지 1호,37.1009750602,127.4888699462,370000,2021-11-30,닭,20210618.0,
안성시,농업회사법인 골드아이(유),산란계,17527.0,경기도 안성시 일죽면 서동대로 7626-29,경기도 안성시 일죽면 능국리 310번지 1호,127.4887411,37.1003213,590000,2018-03-14,,,
안성시,농업회사법인 선유팜 주식회사,산란계,17526.0,경기도 안성시 일죽면 신흥리 899번지 3호,경기도 안성시 일죽면 선유동길 23-68,37.1233727928,127.4632104225,40000,2026-02-26,닭,20240208.0,
안성시,농업회사법인 선유팜 주식회사,산란계,17526.0,경기도 안성시 일죽면 선유동길 23-68,경기도 안성시 일죽면 신흥리 899번지 3호,37.1248299169,127.4610268877,30000,2021-09-30,닭,20210618.0,
안성시,농업회사법인 선유팜 주식회사,산란계,17526.0,경기도 안성시 일죽면 선유동길 23-72,경기도 안성시 일죽면 신흥리 899번지 2호,37.1240371,127.4615153,30000,2018-12-31,닭,,
안성시,농업회사법인 선유팜 주식회사,산란계,17526.0,경기도 안성시 일죽면 선유동길 23-72,경기도 안성시 일죽면 신흥리 899번지 2호,37.1237916,127.4620764,30000,2020-11-30,닭,20181129.0,
안성시,농업회사법인 주식회사 명계 안성지점,산란계,17531.0,경기도 안성시 일죽면 죽림리 880번지 외 1필지,경기도 안성시 일죽면 장암로 276-35,37.0724331872,127.4463279167,27216,2025-05-31,닭,20240208.0,
안성시,농업회사법인 티지에프(주),산란계,17534.0,경기도 안성시 금광면 조령길 73-105,경기도 안성시 금광면 삼흥리 647번지 1호,37.0273606,127.3630593,150000,2018-12-31,닭,,
안성시,농업회사법인 티지에프(주),산란계,17534.0,"경기도 안성시 금광면 조령길 73-105, (외10필지)",경기도 안성시 금광면 삼흥리 647번지 1호 (외10필지),37.0277185476,127.3633406736,783000,2021-11-30,닭,20210618.0,
안성시,농업회사법인 티지에프(주),산란계,17534.0,경기도 안성시 금광면 삼흥리 647번지 1호 (외10필지),"경기도 안성시 금광면 조령길 73-105, (외10필지)",37.0277185476,127.3633406736,783000,2025-08-31,닭,20240208.0,
안성시,농업회사법인(주)알로팜 명당지점,산란계,17542.0,경기도 안성시 대덕면 만세로 388,경기도 안성시 대덕면 명당리 173번지 1호,37.0445048594,127.2128118927,450000,2021-07-31,닭,20210618.0,
안성시,농업회사법인(주)알로팜 명당지점,산란계,17542.0,경기도 안성시 대덕면 만세로 388,경기도 안성시 대덕면 명당리 173번지 1호,37.0440489,127.2127141,450000,2020-06-30,닭,20181129.0,
안성시,농업회사법인(주)알로팜 명당지점,산란계,17542.0,경기도 안성시 대덕면 만세로 388,경기도 안성시 대덕면 명당리 173번지 1호,127.2127141,37.0440489,450000,2018-09-30,,,
안성시,농업회사법인(주)알로팜 명당지점,산란계,17542.0,경기도 안성시 대덕면 명당리 173번지 1호 외 5필지,경기도 안성시 대덕면 만세로 388,37.0445048594,127.2128118927,330000,2025-04-30,닭,20240208.0,
안성시,농업회사법인유한회사에이치비씨,육계,17596.0,경기도 안성시 발화대길 301-52 (중리동),경기도 안성시 중리동 79번지 6호,36.9797769,127.2897865,63358,2019-06-30,닭,20181129.0,
안성시,농업회사법인유한회사에이치비씨,육계,17596.0,경기도 안성시 발화대길 301-52,경기도 안성시 중리동 79번지 6호,127.2889601,36.9810313,63358,2018-03-14,,,
안성시,다나농장,산란계,17551.0,경기도 안성시 공도읍 기업단지로 292-4,경기도 안성시 공도읍 용두리 382번지 9호,37.0158008,127.1668246,40000,2020-06-30,닭,20181129.0,
안성시,다나농장,산란계,17551.0,경기도 안성시 공도읍 기업단지로 292-4,경기도 안성시 공도읍 용두리 382번지 9호,37.0163217677,127.1663901019,40000,2021-09-30,닭,20210618.0,
안성시,다나농장,산란계,17551.0,경기도 안성시 공도읍 기업단지로 292-4,경기도 안성시 공도읍 용두리 382번지 9호,127.1668246,37.0158008,40000,2018-10-31,,,
안성시,다모아부화장,,17603.0,경기도 안성시 미양면 고지리 426번지,경기도 안성시 미양면 신고지길 125,36.9640675842,127.2083512331,7560,2025-08-31,오리,20240208.0,
안성시,다모아부화장,오리,17603.0,경기도 안성시 미양면 신고지길 125,경기도 안성시 미양면 고지리 426번지,36.9640675842,127.2083512331,7560,2021-09-30,오리,20210618.0,
안성시,다현농장,산란계,17564.0,경기도 안성시 공도읍 진건중길 125,경기도 안성시 공도읍 진사리 103번지 5호,36.985382,127.1371064,4000,2019-01-31,닭,,
안성시,다현농장,산란계,17564.0,경기도 안성시 공도읍 진건중길 125,경기도 안성시 공도읍 진사리 103번지 5호,127.1371064,36.985382,4000,2018-04-30,,,
안성시,대박농장,육계,17565.0,경기도 안성시 공도읍 원중복길 67,경기도 안성시 공도읍 중복리 259번지 1호,36.9733053,127.1309983,40000,2019-02-28,닭,20181129.0,
안성시,대박농장,,17527.0,경기도 안성시 일죽면 지내동길 21-33 (외 1필지),경기도 안성시 일죽면 능국리 884번지 5호 외 1필지,37.111467098,127.4839047669,6000,2025-05-31,오리,20240208.0,
안성시,대박농장,,17527.0,경기도 안성시 일죽면 지내동길 21-33 (외 1필지),경기도 안성시 일죽면 능국리 884번지 5호 외 1필지,37.1112364,127.4834668,6000,2019-07-31,오리,20181129.0,
안성시,대박농장,육계,17565.0,경기도 안성시 공도읍 중복리 259번지 1호,경기도 안성시 공도읍 원중복길 67,,,40000,2025-05-31,닭,20240208.0,
안성시,대박농장,육계,17565.0,경기도 안성시 공도읍 원중복길 67,경기도 안성시 공도읍 중복리 259번지 1호,36.9733912908,127.1315243587,40000,2021-07-31,닭,20210618.0,
안성시,대박농장,오리,17527.0,경기도 안성시 일죽면 능국리 884번지 5호 외 1필지,경기도 안성시 일죽면 지내동길 21-33 (외 1필지),37.111467098,127.4839047669,6000,2025-08-31,오리,20240208.0,
안성시,대성농장,육계,17533.0,경기도 안성시 일죽면 금산리 130번지,경기도 안성시 일죽면 율동길 53-17,37.0731842881,127.5071661322,60000,2026-02-26,닭,20240208.0,
안성시,대성농장,육계,17533.0,경기도 안성시 일죽면 율동길 53-17,경기도 안성시 일죽면 금산리 130번지,37.0731842881,127.5071661322,60000,2021-11-30,닭,20210618.0,
안성시,대성농장,육계,17533.0,경기도 안성시 일죽면 율동길 53-17,경기도 안성시 일죽면 금산리 130번지,37.0731849,127.5074033,60000,2019-01-31,닭,,
안성시,대성농장,육계,17533.0,경기도 안성시 일죽면 율동길 53-17,경기도 안성시 일죽면 금산리 130번지,127.5068212,37.0735748,60000,2018-04-30,,,
안성시,대율,,17608.0,경기도 안성시 서운면 송죽길 70,경기도 안성시 서운면 현매리 188번지 5호,36.9333182751,127.226917912,8568,2025-04-30,오리,20240208.0,
안성시,대율,,17608.0,경기도 안성시 서운면 송죽길 70 외 2필지 (현매리),경기도 안성시 서운면 현매리 188번지 5호 외 2필지,36.9334252,127.2271595,8568,2020-01-31,오리,20181129.0,
안성시,대율,,17608.0,경기도 안성시 서운면 송죽길 70,경기도 안성시 서운면 현매리 188번지 5호,36.9333276767,127.2270863156,8568,2021-07-31,오리,20210618.0,
안성시,대율농장,오리,17608.0,"경기도 안성시 서운면 현매리 188번지 5호 , -6, -7",경기도 안성시 서운면 송죽길 70,36.9333182751,127.226917912,0,2026-01-31,오리,20240208.0,
안성시,대현농장,,17607.0,,경기도 안성시 서운면 신촌리 260번지 1호,36.9383954885,127.2559331963,10000,2025-04-30,오리,20240208.0,
안성시,대현농장,,17607.0,,경기도 안성시 서운면 신촌리 260번지 1호,36.9383407,127.2562697,10000,2020-11-30,오리,20181129.0,
안성시,대현농장,오리,17607.0,경기도 안성시 서운면 신촌리 260번지 1호,경기도 안성시 서운면 신촌리 260번지 1호,36.9383954885,127.2559331963,10000,2026-01-31,오리,20240208.0,
안성시,대현농장,,17607.0,,경기도 안성시 서운면 신촌리 260번지 1호,36.9383407064,127.2562697723,10000,2021-06-30,오리,20210618.0,
안성시,대화 오리농장DHD,,17526.0,경기도 안성시 일죽면 죽화로 260-19,경기도 안성시 일죽면 화곡리 637번지 1호 외1필지,37.1064086,127.4531628,5500,2019-01-31,오리,,
안성시,대화 오리농장DHD,오리,17526.0,경기도 안성시 일죽면 화곡리 637번지 1호 외1필지,경기도 안성시 일죽면 죽화로 260-19,37.106059157,127.4525617725,5500,2025-05-31,오리,20240208.0,
안성시,대화 오리농장DHD,,17526.0,경기도 안성시 일죽면 죽화로 260-19,경기도 안성시 일죽면 화곡리 637번지 1호 외1필지,37.106059157,127.4525617725,5500,2021-06-30,오리,20210618.0,
안성시,덕수농장,산란계,17607.0,경기도 안성시 서운면 서운로 241-9,경기도 안성시 서운면 신촌리 280번지 5호,36.935285,127.2609067,55000,2018-12-31,닭,,
안성시,덕수농장,산란계,17607.0,,경기도 안성시 서운면 신촌리 280번지 5호,127.2625444,36.9349751,55000,2018-10-31,,,
안성시,도란도란,산란계,17507.0,경기도 안성시 보개면 남풍리 732번지,경기도 안성시 보개면 가재울길 100-23,37.0639861701,127.3126466066,138000,2026-02-26,닭,20240208.0,
안성시,도란도란,산란계,17507.0,경기도 안성시 보개면 가재울길 100-23,경기도 안성시 보개면 남풍리 732번지,37.0640146,127.3123435,80000,2020-11-30,닭,20181129.0,
안성시,도란도란,산란계,17507.0,경기도 안성시 보개면 가재울길 100-23,경기도 안성시 보개면 남풍리 732번지,127.3120623,37.0639883,80000,2018-08-31,,,
안성시,도란도란,산란계,17507.0,경기도 안성시 보개면 가재울길 100-23,경기도 안성시 보개면 남풍리 732번지,37.0639861701,127.3126466066,138000,2021-11-30,닭,20210618.0,
안성시,동남농원,육계,17529.0,"경기도 안성시 일죽면 서동대로 7410 (외5필지(473,474,475,475-1,476))","경기도 안성시 일죽면 송천리 478번지 외5필지(473,474,475,475-1,476)",37.0907909,127.470133,2000,2020-01-31,닭,20181129.0,
안성시,동남농원,육계,17529.0,경기도 안성시 일죽면 서동대로 7410,"경기도 안성시 일죽면 송천리 478번지 외5필지(473,474,475,475-1,476)",127.470133,37.0907909,2000,2018-08-31,,,
안성시,동남농원,육계,17529.0,"경기도 안성시 일죽면 서동대로 7410 (외5필지(473,474,475,475-1,476))","경기도 안성시 일죽면 송천리 478번지 외5필지(473,474,475,475-1,476)",37.0895957841,127.4700916998,2000,2021-11-30,닭,20210618.0,
안성시,동성농장,,17536.0,,경기도 안성시 금광면 내우리 534번지 35호,36.9977514,127.3154562,15000,2019-07-31,오리,20181129.0,
안성시,동신농장,산란계,17510.0,경기도 안성시 보개면 동문이길 57,경기도 안성시 보개면 동신리 655번지,127.2948723,36.9998312,40000,2018-10-31,,,
안성시,동신농장,육계,17510.0,경기도 안성시 보개면 동문이길 57,경기도 안성시 보개면 동신리 655번지 외 3필지,36.9999189782,127.2950239002,71400,2021-06-30,닭,20210618.0,
안성시,동신농장,산란계,17510.0,경기도 안성시 보개면 동문이길 57,경기도 안성시 보개면 동신리 655번지,36.9996672,127.2956244,40000,2020-11-30,닭,20181129.0,
안성시,동신농장,육계,17510.0,경기도 안성시 보개면 동신리 655번지 외 3필지,경기도 안성시 보개면 동문이길 57,36.9999189782,127.2950239002,71400,2025-07-31,닭,20240208.0,
안성시,동원축산,,17566.0,,"경기도 안성시 공도읍 건천리 13번지 7호 외 3필지(14-1, 15-1, 19-13번지)",36.9730246,127.1809954,3000,2020-06-30,오리,20181129.0,
안성시,두교농장,육계,17524.0,경기도 안성시 죽산면 용대길 70-5,경기도 안성시 죽산면 두교리 103번지,37.0153631,127.446827,40000,2021-04-30,닭,20181129.0,
안성시,두교농장,육계,17524.0,경기도 안성시 죽산면 두교리 103번지,경기도 안성시 죽산면 용대길 70-5,37.0152821969,127.4464693067,40000,2025-07-31,닭,20240208.0,
안성시,두교농장,육계,17524.0,경기도 안성시 죽산면 용대길 70-5,경기도 안성시 죽산면 두교리 103번지,127.446827,37.0153631,40000,2018-03-14,,,
안성시,두교농장,육계,17524.0,경기도 안성시 죽산면 용대길 70-5,경기도 안성시 죽산면 두교리 103번지,37.0152821969,127.4464693067,40000,2021-09-30,닭,20210618.0,
안성시,두메농장,산란계,17528.0,,경기도 안성시 일죽면 산북리 104번지 1호 외 9필지,127.5126597,37.085687,310000,2018-08-31,,,
안성시,두메농장,산란계,17528.0,,경기도 안성시 일죽면 산북리 104번지 1호 외 9필지,37.0856870573,127.5126597683,310000,2021-07-31,닭,20210618.0,
안성시,두메농장,산란계,17528.0,,경기도 안성시 일죽면 산북리 104번지 1호 외 9필지,37.085687,127.5126597,310000,2019-06-30,닭,20181129.0,
안성시,두메축산,산란계,17528.0,"경기도 안성시 일죽면 산북리 108번지 4호 번지 외 6필지(108,108-6,107,107-2,104-1,104-4)",경기도 안성시 일죽면 주래본죽로 398-25,37.0850737005,127.5126804986,186400,2025-04-30,닭,20240208.0,
안성시,두평마을회,육계,17520.0,경기도 안성시 죽산면 두현리 327번지 외 2필지,"경기도 안성시 죽산면 두평길 47-32, 외 2필지",37.0645201556,127.4055014876,37000,2025-08-31,닭,20240208.0,
안성시,두평마을회,육계,17520.0,"경기도 안성시 죽산면 두평길 47-32, 외 2필지",경기도 안성시 죽산면 두현리 327번지 외 2필지,37.0645201556,127.4055014876,37000,2021-11-30,닭,20210618.0,
안성시,둥지농장,,17508.0,"경기도 안성시 보개면 내방길 55-36 외 4필지 (228-5,-6,229,52) (내방리)","경기도 안성시 보개면 내방리 228번지 4호 외 4필지(228-5,-6,229,52)",37.0203578,127.3125372,17000,2020-11-30,오리,20181129.0,
안성시,드림팜,육계,17603.0,"경기도 안성시 미양면 법전리 55번지 외 2필지(52번지, 52-1번지)","경기도 안성시 미양면 서미로 257 (외 2필지(52번지, 52-1번지))",36.9468196999,127.2144481068,90000,2025-07-31,닭,20240208.0,
안성시,드림팜,육계,17603.0,"경기도 안성시 미양면 서미로 257 (외 2필지(52번지, 52-1번지))","경기도 안성시 미양면 법전리 55번지 외 2필지(52번지, 52-1번지)",36.9466133,127.2144673,90000,2021-04-30,닭,20181129.0,
안성시,드림팜,육계,17603.0,경기도 안성시 미양면 서미로 257,"경기도 안성시 미양면 법전리 55번지 외 2필지(52번지, 52-1번지)",127.2144673,36.9466133,90000,2018-04-30,,,
안성시,드림팜,육계,17603.0,"경기도 안성시 미양면 서미로 257 (외 2필지(52번지, 52-1번지))","경기도 안성시 미양면 법전리 55번지 외 2필지(52번지, 52-1번지)",36.9463865225,127.2142475645,90000,2021-07-31,닭,20210618.0,
안성시,마전농장,,17515.0,,경기도 안성시 삼죽면 마전리 132번지 1호,37.0411045,127.3469831,15000,2019-05-31,오리,20181129.0,
안성시,마전농장,,17515.0,,경기도 안성시 삼죽면 마전리 132번지 1호,37.0405193763,127.3467894224,15000,2025-05-31,오리,20240208.0,
안성시,마전농장,,17515.0,경기도 안성시 삼죽면 덕계실2길 121,경기도 안성시 삼죽면 마전리 132번지 1호,37.0413368058,127.3465836231,15000,2021-11-30,오리,20210618.0,
안성시,만우농장,육계,17509.0,경기도 안성시 보개면 적가리 194번지,경기도 안성시 보개면 한사울길 212,37.0526887688,127.2846475481,30000,2025-04-30,닭,20240208.0,
안성시,만우농장,육계,17509.0,경기도 안성시 보개면 한사울길 212,경기도 안성시 보개면 적가리 194번지,37.0527134,127.2842037,30000,2020-07-31,닭,20181129.0,
안성시,만우농장,육계,17509.0,경기도 안성시 보개면 한사울길 212,경기도 안성시 보개면 적가리 194번지,127.2845083,37.052992,30000,2018-10-31,,,
안성시,만우농장,육계,17509.0,경기도 안성시 보개면 한사울길 212,경기도 안성시 보개면 적가리 194번지,37.0526887688,127.2846475481,30000,2021-07-31,닭,20210618.0,
안성시,명근농장,산란계,17501.0,경기도 안성시 양성면 양성로 519-65,경기도 안성시 양성면 장서리 407번지 9호,127.2041592,37.0948744,35000,2018-09-30,,,
안성시,명근농장,산란계,17501.0,경기도 안성시 양성면 장서리 407번지 9호,경기도 안성시 양성면 양성로 519-65,,,35000,2026-02-26,닭,20240208.0,
안성시,명근농장,산란계,17501.0,경기도 안성시 양성면 양성로 519-65,경기도 안성시 양성면 장서리 407번지 9호,37.0948744,127.2041592,35000,2019-01-31,닭,,
안성시,명근농장,산란계,17501.0,경기도 안성시 양성면 양성로 519-65,경기도 안성시 양성면 장서리 407번지 9호,37.094719654,127.2039239949,35000,2021-06-30,닭,20210618.0,
안성시,민호농장,육계,17540.0,경기도 안성시 대덕면 한사울길 167,경기도 안성시 대덕면 삼한리 117번지,37.0567494652,127.2820379422,38000,2021-09-30,닭,20210618.0,
안성시,민호농장,육계,17540.0,경기도 안성시 대덕면 삼한리 117번지,경기도 안성시 대덕면 한사울길 167,37.0567494652,127.2820379422,38000,2025-05-31,닭,20240208.0,
안성시,민호농장,육계,17540.0,경기도 안성시 대덕면 한사울길 167,경기도 안성시 대덕면 삼한리 117번지,127.2818683,37.0565754,35000,2018-10-31,,,
안성시,민호농장,육계,17540.0,경기도 안성시 대덕면 한사울길 167,경기도 안성시 대덕면 삼한리 117번지,37.0565754,127.2818683,38000,2020-06-30,닭,20181129.0,
안성시,병일농장,육계,17508.0,,경기도 안성시 보개면 복평리 75번지 2호,37.0366564668,127.3131429021,45000,2021-11-30,닭,20210618.0,
안성시,병일농장,육계,17508.0,,경기도 안성시 보개면 복평리 75번지 2호,37.0366564,127.3131429,45000,2019-01-31,닭,,
안성시,병일농장,육계,17508.0,경기도 안성시 보개면 복평리 75번지 2호,경기도 안성시 보개면 복평리 75번지 2호,,,45000,2026-01-31,닭,20240208.0,
안성시,보광농원,산란계,17531.0,경기도 안성시 일죽면 장암로 276-35,경기도 안성시 일죽면 죽림리 880번지 외 1필지,37.0724331872,127.4463279167,12000,2021-07-31,닭,20210618.0,
안성시,봄양계장,산란계,17534.0,경기도 안성시 금광면 조령길 25,경기도 안성시 금광면 삼흥리 405번지,37.0168027,127.3652006,14000,2019-05-31,닭,20181129.0,
안성시,봄양계장,산란계,17534.0,경기도 안성시 금광면 조령길 25,경기도 안성시 금광면 삼흥리 405번지,37.0172737274,127.3658437544,14000,2021-07-31,닭,20210618.0,
안성시,봄양계장,산란계,17534.0,경기도 안성시 금광면 삼흥리 405번지,경기도 안성시 금광면 조령길 25,37.0172737274,127.3658437544,14000,2025-08-31,닭,20240208.0,
안성시,부강농장,산란계,17551.0,경기도 안성시 공도읍 기업단지로 276,경기도 안성시 공도읍 용두리 382번지 12호,127.1661925,37.014441,33000,2018-10-31,,,
안성시,부원농장,육계,17607.0,경기도 안성시 서운면 동양촌1길 27-62 (양촌리),경기도 안성시 서운면 양촌리 120번지,36.9450036,127.2787667,50000,2019-01-31,닭,,
안성시,부원농장,육계,17607.0,경기도 안성시 서운면 동양촌1길 27-62,경기도 안성시 서운면 양촌리 120번지,127.2787667,36.9450036,50000,2018-09-30,,,
안성시,부원농장,육계,17607.0,경기도 안성시 서운면 동양촌1길 27-62,경기도 안성시 서운면 양촌리 120번지,36.9451181769,127.2788747833,50000,2021-06-30,닭,20210618.0,
안성시,부희농장,,17604.0,,경기도 안성시 미양면 강덕리 77번지 3호,,,16000,2020-01-31,오리,20181129.0,
안성시,부희농장,,17604.0,,경기도 안성시 미양면 강덕리 77번지 3호,36.9564185451,127.2283272791,16000,2025-05-31,오리,20240208.0,
안성시,북좌농장,육계,17508.0,경기도 안성시 보개면 보개산로 276,경기도 안성시 보개면 북좌리 50번지,37.0419676,127.3349822,20000,2020-07-31,닭,20181129.0,
안성시,북좌농장,육계,17508.0,경기도 안성시 보개면 보개산로 276,경기도 안성시 보개면 북좌리 50번지,127.3349822,37.0419676,20000,2018-09-30,,,
안성시,북좌농장,육계,17508.0,경기도 안성시 보개면 보개산로 276,경기도 안성시 보개면 북좌리 50번지,37.0419522204,127.3349661486,20000,2021-09-30,닭,20210618.0,
안성시,북좌농장,육계,17508.0,경기도 안성시 보개면 북좌리 50번지,경기도 안성시 보개면 보개산로 276,37.0419522204,127.3349661486,20000,2025-08-31,닭,20240208.0,
안성시,사오농장,육계,17507.0,경기도 안성시 보개면 남풍길 223,경기도 안성시 보개면 남풍리 243번지,37.0667668,127.3243971,100000,2019-02-28,닭,20181129.0,
안성시,사오농장,육계,17507.0,경기도 안성시 보개면 남풍길 223,경기도 안성시 보개면 남풍리 243번지,127.3243971,37.0667668,100000,2018-04-30,,,
안성시,사오농장,육계,17507.0,경기도 안성시 보개면 남풍리 243번지,경기도 안성시 보개면 남풍길 223,37.0669972457,127.3246304634,100000,2025-08-31,닭,20240208.0,
안성시,사오농장,육계,17507.0,경기도 안성시 보개면 남풍길 223,경기도 안성시 보개면 남풍리 243번지,127.3243971,37.0667668,48000,2018-08-31,,,
안성시,사오농장,육계,17507.0,경기도 안성시 보개면 남풍길 223,경기도 안성시 보개면 남풍리 243번지,37.0669972457,127.3246304634,100000,2021-06-30,닭,20210618.0,
안성시,산아리농장,육계,,,경기도 안성시 죽산면 용설리 산 74번지,127.4395227,37.0682641,15000,2018-03-14,,,
안성시,삼학농장,산란계,17532.0,경기도 안성시 일죽면 금일로 140-64,경기도 안성시 일죽면 화봉리 191번지,37.0639636,127.4821902,45000,2020-11-30,닭,20181129.0,
안성시,삼학농장,산란계,17532.0,,경기도 안성시 일죽면 화봉리 191번지,127.4819081,37.0638025,45000,2018-04-30,,,
안성시,삼학농장,산란계,17532.0,경기도 안성시 일죽면 화봉리 191번지,경기도 안성시 일죽면 금일로 140-64,37.0638025992,127.4819081911,45000,2025-07-31,닭,20240208.0,
안성시,삼학농장,산란계,17532.0,경기도 안성시 일죽면 금일로 140-64,경기도 안성시 일죽면 화봉리 191번지,37.0642770115,127.4821712321,45000,2021-07-31,닭,20210618.0,
안성시,삼한농장,육계,17503.0,경기도 안성시 양성면 정자말길 65-75,경기도 안성시 양성면 삼암리 477번지 5호,37.028185,127.2105801,85000,2020-01-31,닭,20181129.0,
안성시,삼한농장,육계,17503.0,경기도 안성시 양성면 정자말길 65-75,경기도 안성시 양성면 삼암리 477번지 5호,37.0282819465,127.2102983102,85000,2021-11-30,닭,20210618.0,
안성시,삼한농장,육계,17503.0,경기도 안성시 양성면 삼암리 477번지 5호,경기도 안성시 양성면 정자말길 65-75,,,85000,2026-01-31,닭,20240208.0,
안성시,삼한농장,육계,17540.0,,경기도 안성시 대덕면 삼한리 593번지,127.2735991,37.061271,45000,2018-10-31,,,
안성시,삼흥농장,육계,17534.0,경기도 안성시 금광면 조령길 73-50,경기도 안성시 금광면 삼흥리 562번지,37.0265237,127.3715064,42000,2019-07-31,닭,20181129.0,
안성시,삼흥농장,육계,17534.0,경기도 안성시 금광면 조령길 73-50,경기도 안성시 금광면 삼흥리 562번지,127.3715064,37.0265237,42000,2018-10-31,,,
안성시,삼흥농장,산란계,17534.0,경기도 안성시 금광면 조령길 73-50,경기도 안성시 금광면 삼흥리 562번지 1호,37.0276556373,127.3715819362,54000,2021-09-30,닭,20210618.0,
안성시,상록농장,육계,17537.0,경기도 안성시 금광면 현곡길 67-9,"경기도 안성시 금광면 현곡리 137번지 외 2필지(141, 142)",127.3484781,36.9815578,66500,2018-10-31,,,
안성시,상록농장,육계,17537.0,경기도 안성시 금광면 현곡길 67-9,"경기도 안성시 금광면 현곡리 137번지 외 2필지(141, 142)",36.9815578,127.3484781,66500,2021-04-30,닭,20181129.0,
안성시,상록농장,육계,17537.0,"경기도 안성시 금광면 현곡리 137번지 외 2필지(141, 142)",경기도 안성시 금광면 현곡길 67-9,36.9816912774,127.3487484619,66500,2025-08-31,닭,20240208.0,
안성시,상록농장,육계,17537.0,경기도 안성시 금광면 현곡길 67-9,"경기도 안성시 금광면 현곡리 137번지 외 2필지(141, 142)",36.9816912774,127.3487484619,66500,2021-06-30,닭,20210618.0,
안성시,상수리숲농장,산란계,17503.0,경기도 안성시 양성면 성하길 60-7,경기도 안성시 양성면 방신리 산 36번지 2호,37.0361612,127.1757702,400,2020-04-30,닭,20181129.0,
안성시,상수리숲농장,산란계,17503.0,경기도 안성시 양성면 성하길 60-7,경기도 안성시 양성면 방신리 68번지 2호,37.0356464205,127.1753796345,1500,2021-06-30,닭,20210618.0,
안성시,상수리숲농장,산란계,17503.0,경기도 안성시 양성면 방신리 68번지 2호,경기도 안성시 양성면 성하길 60-7,37.0348535695,127.176520307,1500,2025-07-31,닭,20240208.0,
안성시,상수리숲농장,산란계,,,경기도 안성시 양성면 방신리 산 36번지 2호,127.1841175,37.0393295,400,2018-03-14,,,
안성시,상원농장,산란계,17607.0,,경기도 안성시 서운면 신촌리 11번지,127.2587411,36.942255,60000,2018-03-14,,,
안성시,상원농장,산란계,17607.0,,경기도 안성시 서운면 신촌리 11번지,,,60000,2020-06-30,닭,20181129.0,
안성시,상원농장,산란계,,,경기도 안성시 서운면 신촌리 산 11번지,,,60000,2021-11-30,닭,20210618.0,
안성시,서가농장,육계,17520.0,경기도 안성시 죽산면 두평길 47-32 (두현리),경기도 안성시 죽산면 두현리 327번지,37.0644919,127.4055225,56051,2019-07-31,닭,20181129.0,
안성시,서가농장,육계,17521.0,,경기도 안성시 죽산면 두현리 327번지,127.4055225,37.0644919,56051,2018-09-30,,,
안성시,서부농장,육계,17554.0,경기도 안성시 원곡면 천덕산로 531-21,경기도 안성시 원곡면 성주리 321번지 1호,37.0889457894,127.1523558141,14500,2021-06-30,닭,20210618.0,
안성시,서부농장,종계,17554.0,경기도 안성시 원곡면 성주리 321번지 1호,경기도 안성시 원곡면 천덕산로 531-21,37.0889457894,127.1523558141,14500,2026-01-31,닭,20240208.0,
안성시,서부농장,산란계,17554.0,경기도 안성시 원곡면 천덕산로 531-21,경기도 안성시 원곡면 성주리 278번지,127.1523602,37.0888419,38000,2018-03-14,,,
안성시,서운농장,산란계,17607.0,경기도 안성시 서운면 서운로 229,경기도 안성시 서운면 신촌리 280번지 2호 외 1필지,127.2621041,36.9342011,250000,2018-04-30,,,
안성시,서운농장,산란계,17607.0,경기도 안성시 서운면 서운로 229 (외 1필지),경기도 안성시 서운면 신촌리 280번지 2호 외 1필지,36.9342969441,127.2628706116,250000,2021-06-30,닭,20210618.0,
안성시,서운농장,산란계,17607.0,경기도 안성시 서운면 서운로 229 (외 1필지),경기도 안성시 서운면 신촌리 280번지 2호 외 1필지,36.9342011,127.2621041,250000,2019-05-31,닭,20181129.0,
안성시,서운농장,산란계,17607.0,경기도 안성시 서운면 신촌리 280번지 2호 외 1필지,경기도 안성시 서운면 서운로 229 (외 1필지),36.9342969441,127.2628706116,276683,2025-07-31,닭,20240208.0,
안성시,서윤농장,육계,17508.0,,경기도 안성시 보개면 내방리 38번지 2호 (외 4필지),37.0227462473,127.3123109359,50000,2021-09-30,닭,20210618.0,
안성시,서윤농장,육계,17508.0,경기도 안성시 보개면 내방리 38번지 2호 (외 4필지),경기도 안성시 보개면 내방리 38번지 2호 (외 4필지),37.0225472195,127.3126584728,50000,2025-07-31,닭,20240208.0,
안성시,서윤농장,,17508.0,,경기도 안성시 보개면 내방리 38번지 2호 외1필(40번지),37.0227462,127.3123109,7300,2018-12-31,오리,,
안성시,서현농장,육계,17596.0,경기도 안성시 샛터1길 41-34 (중리동),경기도 안성시 중리동 388번지 2호,36.986035436,127.2744077319,32000,2021-11-30,닭,20210618.0,
안성시,서현농장,,17596.0,경기도 안성시 샛터1길 41-34 (중리동),경기도 안성시 중리동 388번지 2호,36.9860307,127.274287,5500,2019-07-31,오리,20181129.0,
안성시,서현농장,육계,17596.0,경기도 안성시 중리동 388번지 2호,경기도 안성시 샛터1길 41-34 (중리동),36.9863361931,127.274681313,32000,2026-02-26,닭,20240208.0,
안성시,석우농장,육계,17508.0,,경기도 안성시 보개면 양복리 696번지 외2필지,127.311425,37.0121069,50000,2018-10-31,,,
안성시,석우농장,육계,17508.0,,경기도 안성시 보개면 양복리 696번지 외2필지,37.0121069,127.311425,50000,2019-02-28,닭,20181129.0,
안성시,석우농장,육계,17508.0,,경기도 안성시 보개면 양복리 696번지 외2필지,37.0121069931,127.3114250981,73000,2021-06-30,닭,20210618.0,
안성시,석찬 농장,육계,17505.0,경기도 안성시 고삼면 신창리 364번지 외 3필지,경기도 안성시 고삼면 범골길 67-22,37.0751492104,127.2423401777,0,2025-07-31,닭,20240208.0,
안성시,석찬 농장,육계,17505.0,경기도 안성시 고삼면 범골길 67-22,경기도 안성시 고삼면 신창리 362번지,127.2426554,37.0749075,50000,2018-09-30,,,
안성시,석찬 농장,육계,17505.0,경기도 안성시 고삼면 범골길 67-22 (신창리),경기도 안성시 고삼면 신창리 362번지,37.0749075,127.2426554,50000,2020-11-30,닭,20181129.0,
안성시,석찬 농장,육계,17505.0,경기도 안성시 고삼면 범골길 67-22,경기도 안성시 고삼면 신창리 362번지,37.0751492104,127.2423401777,50000,2021-09-30,닭,20210618.0,
안성시,선암농장,육계,17536.0,경기도 안성시 금광면 배티로 1009-92,경기도 안성시 금광면 개산리 10번지 1호 외 1필지(11),36.9889863774,127.2909403737,10000,2021-07-31,닭,20210618.0,
안성시,선암농장,육계,17536.0,경기도 안성시 금광면 개산리 10번지 1호 외 1필지(11),경기도 안성시 금광면 배티로 1009-92,36.9889863774,127.2909403737,10000,2025-07-31,닭,20240208.0,
안성시,선암농장,,17536.0,경기도 안성시 금광면 배티로 1009-92 외 1필지(11) (개산리),경기도 안성시 금광면 개산리 10번지 1호 외 1필지(11),36.9891915,127.290406,10000,2019-07-31,오리,20181129.0,
안성시,선유 칠면조 농장,,17526.0,경기도 안성시 일죽면 선유동길 23-87,경기도 안성시 일죽면 신흥리 907번지 0호,37.122708,127.4626887,1500,2020-06-30,칠면조,20181129.0,
안성시,선유 칠면조 농장,,17526.0,경기도 안성시 일죽면 신흥리 907번지 0호,경기도 안성시 일죽면 선유동길 23-87,37.1227482974,127.4631217751,1500,2025-08-31,칠면조,20240208.0,
안성시,선일농장,육계,17534.0,경기도 안성시 금광면 사흥길 169-44,경기도 안성시 금광면 사흥리 131번지 1호,37.0008569,127.3729778,85000,2020-01-31,닭,20181129.0,
안성시,선일농장,육계,17534.0,경기도 안성시 금광면 사흥길 169-44,경기도 안성시 금광면 사흥리 131번지 1호,37.0010372595,127.3726494768,80000,2021-06-30,닭,20210618.0,
안성시,선일농장,육계,17534.0,경기도 안성시 금광면 사흥길 169-44,경기도 안성시 금광면 사흥리 131번지 1호,127.3729778,37.0008569,85000,2018-08-31,,,
안성시,선일농장,육계,17534.0,경기도 안성시 금광면 사흥리 131번지 1호,경기도 안성시 금광면 사흥길 169-44,37.001137927,127.3724511795,80000,2026-02-26,닭,20240208.0,
안성시,성공농장,육계,17608.0,경기도 안성시 서운면 매향길 122,경기도 안성시 서운면 현매리 116번지 2호,127.2302449,36.9405289,40000,2018-04-30,,,
안성시,성공농장,육계,17608.0,경기도 안성시 서운면 현매리 116번지 2호 (외1필지),"경기도 안성시 서운면 매향길 122, (외1필지)",36.9407279369,127.2307546723,42000,2026-01-31,닭,20240208.0,
안성시,성공농장,육계,17608.0,경기도 안성시 서운면 매향길 122,경기도 안성시 서운면 현매리 116번지 2호,36.9405289,127.2302449,40000,2020-07-31,닭,20181129.0,
안성시,성공농장,육계,17608.0,"경기도 안성시 서운면 매향길 122, (외1필지)",경기도 안성시 서운면 현매리 116번지 2호 (외1필지),36.9407279369,127.2307546723,42000,2021-11-30,닭,20210618.0,
안성시,성욱농장,오리,17541.0,경기도 안성시 대덕면 무능리 243번지,경기도 안성시 대덕면 무능로 177-13,37.0480948655,127.2252027356,9000,2025-08-31,오리,20240208.0,
안성시,성욱농장,,17541.0,경기도 안성시 대덕면 무능로 177-13,경기도 안성시 대덕면 무능리 243번지,37.0480948655,127.2252027356,9000,2021-09-30,오리,20210618.0,
안성시,성원농장,산란계,17558.0,경기도 안성시 공도읍 대신두길 69,경기도 안성시 공도읍 신두리 200번지 39호,36.9951905,127.1984367,50000,2020-06-30,닭,20181129.0,
안성시,성원농장,산란계,17558.0,경기도 안성시 공도읍 신두리 200번지 39호,경기도 안성시 공도읍 대신두길 69,36.9946245011,127.2003116973,50000,2025-05-31,닭,20240208.0,
안성시,성원농장,산란계,17558.0,경기도 안성시 공도읍 대신두길 69,경기도 안성시 공도읍 신두리 200번지 39호,36.9954673789,127.1985439819,50000,2021-11-30,닭,20210618.0,
안성시,성원농장,산란계,17558.0,경기도 안성시 공도읍 대신두길 69,경기도 안성시 공도읍 신두리 200번지 39호,127.1984367,36.9951905,50000,2018-10-31,,,
안성시,성은농장,육계,17608.0,경기도 안성시 서운면 안성맞춤대로 209,경기도 안성시 서운면 송산리 211번지 1호,36.9418056,127.2363218,4000,2020-11-30,닭,20181129.0,
안성시,성은농장,육계,17608.0,경기도 안성시 서운면 안성맞춤대로 209,경기도 안성시 서운면 송산리 211번지 1호,127.2363218,36.9418056,4000,2018-10-31,,,
안성시,세원농장,산란계,17551.0,,경기도 안성시 공도읍 용두리 378번지 2호,37.0156586,127.165386,3000,2020-07-31,닭,20181129.0,
안성시,세원농장,산란계,17551.0,,경기도 안성시 공도읍 용두리 378번지 2호,127.165386,37.0156586,3000,2018-03-14,,,
안성시,세원농장,산란계,17551.0,,경기도 안성시 공도읍 용두리 378번지 2호,37.0156586334,127.1653860886,3000,2021-06-30,닭,20210618.0,
안성시,세원농장,산란계,17551.0,경기도 안성시 공도읍 용두리 378번지 2호,경기도 안성시 공도읍 용두리 378번지 2호,37.0159645331,127.1657238397,3000,2025-04-30,닭,20240208.0,
안성시,세진농장,육계,17508.0,경기도 안성시 보개면 남사당로 340-56,경기도 안성시 보개면 오두리 255번지 3호,127.3151231,37.0426613,35000,2018-08-31,,,
안성시,세진농장,육계,17508.0,경기도 안성시 보개면 남사당로 340-56,경기도 안성시 보개면 오두리 255번지 3호,37.0426613,127.3151231,35000,2019-05-31,닭,20181129.0,
안성시,세진농장,육계,17508.0,경기도 안성시 보개면 남사당로 340-56,경기도 안성시 보개면 오두리 255번지 3호,37.0428510076,127.3148464036,35000,2021-11-30,닭,20210618.0,
안성시,세진농장,육계,17508.0,경기도 안성시 보개면 오두리 255번지 3호,경기도 안성시 보개면 남사당로 340-56,,,35000,2026-02-26,닭,20240208.0,
안성시,송숙농장,육계,17540.0,,경기도 안성시 대덕면 삼한리 499번지 1호,37.0597947977,127.2768994042,40000,2021-09-30,닭,20210618.0,
안성시,송숙농장,육계,17540.0,,경기도 안성시 대덕면 삼한리 499번지 1호,37.0597947,127.2768994,40000,2019-07-31,닭,20181129.0,
안성시,송숙농장,육계,17540.0,경기도 안성시 대덕면 삼한리 499번지 1호,경기도 안성시 대덕면 삼한리 499번지 1호,,,40000,2026-02-26,닭,20240208.0,
안성시,송숙농장,육계,17540.0,,경기도 안성시 대덕면 삼한리 499번지 1호,127.2768994,37.0597947,40000,2018-09-30,,,
안성시,송표농장,육계,17607.0,경기도 안성시 서운면 동양촌1길 27-50,경기도 안성시 서운면 양촌리 117번지,36.945782,127.2772427,35000,2020-01-31,닭,20181129.0,
안성시,송표농장,육계,17607.0,경기도 안성시 서운면 동양촌1길 27-50,경기도 안성시 서운면 양촌리 117번지,127.2772427,36.945782,35000,2018-08-31,,,
안성시,수리산농장,,17528.0,,경기도 안성시 일죽면 산북리 172번지 1호,37.0835725,127.5077646,7000,2020-04-30,오리,20181129.0,
안성시,수정농장,,17527.0,경기도 안성시 일죽면 서동대로 7594-85,경기도 안성시 일죽면 능국리 261번지 1호,37.0993186,127.4849326,15000,2020-06-30,오리,20181129.0,
안성시,수정농장,오리,17527.0,경기도 안성시 일죽면 능국리 261번지 1호,경기도 안성시 일죽면 서동대로 7594-85,,,15000,2026-02-26,오리,20240208.0,
안성시,수정농장,,17527.0,경기도 안성시 일죽면 서동대로 7594-85,경기도 안성시 일죽면 능국리 261번지 1호,37.0987210269,127.4847064651,15000,2025-08-31,오리,20240208.0,
안성시,수지 토종농장,육계,17526.0,경기도 안성시 일죽면 신흥리 산 11번지 1호,경기도 안성시 일죽면 노성로 217,37.1227440678,127.4849830611,1000,2025-04-30,닭,20240208.0,
안성시,수지 토종농장,육계,17526.0,경기도 안성시 일죽면 노성로 217,경기도 안성시 일죽면 신흥리 산 11번지 1호,37.1222662813,127.4847355009,1000,2021-09-30,닭,20210618.0,
안성시,수지 토종농장,육계,17526.0,경기도 안성시 일죽면 노성로 217,경기도 안성시 일죽면 신흥리 산 11번지 1호,37.1225944,127.484495,1000,2021-04-30,닭,20181129.0,
안성시,수지 토종농장,육계,,,경기도 안성시 일죽면 신흥리 산 11번지 1호,127.4708242,37.1080883,1000,2018-10-31,,,
안성시,수지농장,종계,17541.0,경기도 안성시 대덕면 보동리 684번지 2호,경기도 안성시 대덕면 김중만장군길 157-39,37.0540200515,127.2475700915,9900,2025-07-31,닭,20240208.0,
안성시,수지농장,육계,17601.0,경기도 안성시 미양면 중앙배수1길 148-27,경기도 안성시 미양면 정동리 504번지 4호 외 1필지(504-5),36.9767503,127.1956042,130000,2020-11-30,닭,20181129.0,
안성시,수지농장,육계,17601.0,경기도 안성시 미양면 중앙배수1길 148-27,경기도 안성시 미양면 정동리 504번지 4호 외 1필지(504-5),36.9765932313,127.1958095738,130000,2021-09-30,닭,20210618.0,
안성시,수지농장,육계,17541.0,경기도 안성시 대덕면 김중만장군길 157-39,경기도 안성시 대덕면 보동리 684번지 2호,37.0543287098,127.2477191497,12000,2021-09-30,닭,20210618.0,
안성시,수지농장,육계,17541.0,경기도 안성시 대덕면 김중만장군길 157-39,경기도 안성시 대덕면 보동리 684번지,37.0542993,127.2475934,50000,2020-05-31,닭,20181129.0,
안성시,수지농장,육계,17601.0,경기도 안성시 미양면 미양로 271-106,경기도 안성시 미양면 정동리 504번지 4호 외1필지(정동리 505-5),127.1956042,36.9767503,130000,2018-09-30,,,
안성시,수지농장,육계,17541.0,,경기도 안성시 대덕면 보동리 684번지,127.2476038,37.0540199,50000,2018-09-30,,,
안성시,수한농장,육계,17501.0,경기도 안성시 양성면 장서리 55번지 1호,경기도 안성시 양성면 장서리 55번지 1호,37.0963983823,127.2237694438,8000,2025-05-31,닭,20240208.0,
안성시,수한농장,육계,17501.0,,경기도 안성시 양성면 장서리 55번지 1호,,,8000,2020-05-31,닭,20181129.0,
안성시,수한농장,육계,,,경기도 안성시 양성면 장서리 55번지 1호,127.2237695,37.0964254,8000,2018-09-30,,,
안성시,스마일2 농장,,17603.0,경기도 안성시 미양면 신고지길 125,경기도 안성시 미양면 고지리 426번지,36.9638616,127.2083503,12000,2020-11-30,오리,20181129.0,
안성시,스마일2 농장,,17603.0,경기도 안성시 미양면 신고지길 125,경기도 안성시 미양면 고지리 426번지,36.9640675842,127.2083512331,12000,2021-06-30,오리,20210618.0,
안성시,스마일2 농장,오리,17603.0,경기도 안성시 미양면 고지리 426번지,경기도 안성시 미양면 신고지길 125,36.9640675842,127.2083512331,12000,2025-08-31,오리,20240208.0,
안성시,승애농장,산란계,17551.0,경기도 안성시 공도읍 용머리큰길 34-55,경기도 안성시 공도읍 용두리 399번지 1호,37.0110963963,127.164243514,50000,2021-06-30,닭,20210618.0,
안성시,승애농장,산란계,17551.0,경기도 안성시 공도읍 용머리큰길 34-55,경기도 안성시 공도읍 용두리 399번지 1호,37.0109386,127.1642412,50000,2020-05-31,닭,20181129.0,
안성시,승애농장,산란계,17551.0,경기도 안성시 공도읍 용두리 399번지 1호,경기도 안성시 공도읍 용머리큰길 34-55,,,50000,2025-04-30,닭,20240208.0,
안성시,승애농장,산란계,17551.0,경기도 안성시 공도읍 용머리큰길 34-55,경기도 안성시 공도읍 용두리 399번지 1호,127.1632982,37.0113543,50000,2018-04-30,,,
안성시,승일농장,육계,17527.0,경기도 안성시 일죽면 능국리 674번지 (외 2필지),"경기도 안성시 일죽면 노동길 73, (외 2필지)",37.1127662306,127.4883818862,25000,2025-05-31,닭,20240208.0,
안성시,승일농장,육계,17527.0,"경기도 안성시 일죽면 노동길 73, (외 2필지)",경기도 안성시 일죽면 능국리 674번지 (외 2필지),37.1128017285,127.4883504568,25000,2021-06-30,닭,20210618.0,
안성시,승일농장,육계,17509.0,경기도 안성시 보개면 기좌리 124번지 1호 (외4필지),"경기도 안성시 보개면 보개원삼로 342-91, (외4필지)",37.035683243,127.29225169,65000,2025-05-31,닭,20240208.0,
안성시,승일농장,육계,17509.0,"경기도 안성시 보개면 보개원삼로 342-91, (외4필지)",경기도 안성시 보개면 기좌리 124번지 1호 (외4필지),37.0352134339,127.291645786,65000,2021-07-31,닭,20210618.0,
안성시,승희농장,육계,17509.0,경기도 안성시 보개면 기좌리 150번지 2호 외 4필지,경기도 안성시 보개면 보개원삼로 342-34,37.0333009149,127.2908077212,100000,2026-01-31,닭,20240208.0,
안성시,승희농장,,17509.0,경기도 안성시 보개면 보개원삼로 342-34,경기도 안성시 보개면 기좌리 150번지 2호,37.0329921,127.2904811,25000,2019-02-28,오리,20181129.0,
안성시,승희농장,육계,17509.0,경기도 안성시 보개면 보개원삼로 342-34,경기도 안성시 보개면 기좌리 150번지 2호 외 4필지,37.0333009149,127.2908077212,100000,2021-06-30,닭,20210618.0,
안성시,시은농장,육계,17508.0,,"경기도 안성시 보개면 내방리 19번지 , 22-1번지",37.0268802,127.3130132,40000,2020-04-30,닭,20181129.0,
안성시,시은농장,육계,17508.0,"경기도 안성시 보개면 내방리 19번지 , 22-1번지","경기도 안성시 보개면 내방리 19번지 , 22-1번지",37.0268802905,127.3130132346,40000,2025-05-31,닭,20240208.0,
안성시,시은농장,육계,17508.0,,"경기도 안성시 보개면 내방리 19번지 , 22-1번지",127.3130132,37.0268802,40000,2018-08-31,,,
안성시,시헌농장,산란계,17509.0,경기도 안성시 보개면 이전봉산길 29-45,경기도 안성시 보개면 적가리 161번지 1호,37.0539328,127.2904814,150000,2020-06-30,닭,20181129.0,
안성시,시헌농장,산란계,17509.0,경기도 안성시 보개면 이전봉산길 29-45,경기도 안성시 보개면 적가리 161번지 1호,37.0541778419,127.2906379598,150000,2021-09-30,닭,20210618.0,
안성시,시헌농장,산란계,17509.0,경기도 안성시 보개면 적가리 161번지 1호,경기도 안성시 보개면 이전봉산길 29-45,,,0,2025-04-30,닭,20240208.0,
안성시,시헌농장,산란계,17509.0,경기도 안성시 보개면 이전봉산길 29-45,경기도 안성시 보개면 적가리 161번지 1호,127.2904814,37.0539328,150000,2018-10-31,,,
안성시,신기리농장,,17606.0,경기도 안성시 서운면 서운로 592,"경기도 안성시 서운면 신기리 17번지 1호 외 2필지(17-2,16-2)",36.9647267,127.2634315,9000,2019-05-31,오리,20181129.0,
안성시,신기리농장,,17606.0,경기도 안성시 서운면 서운로 592,"경기도 안성시 서운면 신기리 17번지 1호 외 2필지(17-2,16-2)",36.9648302271,127.263483677,9000,2025-08-31,오리,20240208.0,
안성시,신기리농장,오리,17606.0,"경기도 안성시 서운면 신기리 17번지 1호 외 2필지(17-2,16-2)",경기도 안성시 서운면 서운로 592,36.9644745248,127.2633745158,9000,2025-08-31,오리,20240208.0,
안성시,신안농장,,17508.0,,경기도 안성시 보개면 신안리 250번지,37.0543758,127.3078974,46000,2019-12-31,오리,20181129.0,
안성시,신안농장,,17508.0,,경기도 안성시 보개면 신안리 250번지,37.0543758816,127.3078974158,46000,2021-09-30,오리,20210618.0,
안성시,신안농장,육계,17508.0,경기도 안성시 보개면 신안리 250번지 번지 외 2필지,경기도 안성시 보개면 남사당로 441-59,37.0543759394,127.3078749315,34000,2025-04-30,닭,20240208.0,
안성시,씨제이피드앤케어 주식회사 안성시험농장,육계,17513.0,경기도 안성시 삼죽면 덕산리 58번지 번지 외 1필지,경기도 안성시 삼죽면 삼백로 152,37.0886055288,127.3753048703,0,2025-05-31,닭,20240208.0,
안성시,아리농장,육계,17606.0,,경기도 안성시 서운면 신기리 236번지,127.2738486,36.9542239,85000,2018-10-31,,,
안성시,아리농장,육계,17606.0,,경기도 안성시 서운면 신기리 236번지,36.9542239,127.2738486,85000,2020-07-31,닭,20181129.0,
안성시,아리농장,육계,17606.0,경기도 안성시 서운면 신기리 236번지,경기도 안성시 서운면 신기리 236번지,36.9542239058,127.273848606,85000,2025-08-31,닭,20240208.0,
안성시,안성농장,산란계,17507.0,,경기도 안성시 보개면 이전리 274번지,127.2869861,37.0602396,8000,2018-03-14,,,
안성시,안성농장,육계,17596.0,경기도 안성시 발화대길 301-10 (중리동),경기도 안성시 중리동 79번지 8호,36.979491102,127.2892023108,70000,2021-06-30,닭,20210618.0,
안성시,안성마춤육계,육계,17540.0,경기도 안성시 대덕면 안성맞춤대로 1594,경기도 안성시 대덕면 진현리 378번지 2호,37.0537162,127.2591485,40000,2020-11-30,닭,20181129.0,
안성시,안성마춤육계,육계,17540.0,경기도 안성시 대덕면 안성맞춤대로 1594,경기도 안성시 대덕면 진현리 378번지 2호,37.0536856543,127.2592718043,40000,2021-11-30,닭,20210618.0,
안성시,안성마춤육계,육계,17540.0,경기도 안성시 대덕면 진현리 378번지 2호,경기도 안성시 대덕면 안성맞춤대로 1594,,,40000,2026-01-31,닭,20240208.0,
안성시,안성마춤육계영농조합법인,육계,17540.0,경기도 안성시 대덕면 안성맞춤대로 1594,경기도 안성시 대덕면 진현리 378번지 2호,127.2591485,37.0537162,40000,2018-10-31,,,
안성시,안성목장,산란계,,,경기도 안성시 공도읍 신두리 산 54번지,,,8000,2019-07-31,닭,20181129.0,
안성시,안성목장,산란계,,,경기도 안성시 공도읍 신두리 산 54번지,127.2011049,36.9974298,8000,2018-09-30,,,
안성시,야곱농장,육계,17540.0,경기도 안성시 대덕면 미륵로 137,경기도 안성시 대덕면 진현리 6번지 2호,37.0599867,127.2677594,100,2020-07-31,닭,20181129.0,
안성시,야곱농장,육계,17540.0,경기도 안성시 대덕면 미륵로 137,경기도 안성시 대덕면 진현리 6번지 2호,37.0600665882,127.2677099949,100,2021-11-30,닭,20210618.0,
안성시,야곱농장,육계,17540.0,경기도 안성시 대덕면 진현리 6번지 2호,경기도 안성시 대덕면 미륵로 137,37.0603471772,127.2677606831,100,2025-07-31,닭,20240208.0,
안성시,야곱농장,육계,17540.0,경기도 안성시 대덕면 미륵로 137,경기도 안성시 대덕면 진현리 6번지 2호,127.2677594,37.0599867,100,2018-04-30,,,
안성시,양호농장,,17608.0,경기도 안성시 서운면 사갑1길 191-24,경기도 안성시 서운면 신흥리 산 51번지,36.9286198,127.2424098,30000,2020-07-31,오리,20181129.0,
안성시,에코필드,육계,17608.0,경기도 안성시 서운면 송산리 114번지 3호 외 1필지,"경기도 안성시 서운면 솔뫼로 141-45, 외 1필지",36.9411889137,127.2435331327,70000,2025-07-31,닭,20240208.0,
안성시,에코필드,육계,17608.0,"경기도 안성시 서운면 솔뫼로 141-45, 외 1필지",경기도 안성시 서운면 송산리 114번지 3호 외 1필지,36.9411889137,127.2435331327,70000,2021-07-31,닭,20210618.0,
안성시,연일 농장,산란계,17604.0,경기도 안성시 미양면 강덕2길 22,경기도 안성시 미양면 강덕리 256번지,127.224269,36.9469468,12000,2018-04-30,,,
안성시,열심농장,산란계,17547.0,경기도 안성시 대덕면 신두만곡로 280-30,경기도 안성시 대덕면 죽리 680번지 1호,36.98589,127.2047142,6000,2019-12-31,닭,20181129.0,
안성시,열심농장,육계,17601.0,경기도 안성시 미양면 미양로 271-98,경기도 안성시 미양면 정동리 504번지 15호,127.1966386,36.9771901,80000,2018-08-31,,,
안성시,영란농장,,17531.0,경기도 안성시 일죽면 장암로 276-35,경기도 안성시 일죽면 죽림리 881번지,37.0723842,127.4461921,9000,2020-04-30,오리,20181129.0,
안성시,영배농장,산란계,17503.0,,경기도 안성시 양성면 명목리 139번지,127.1987756,37.0309623,13000,2018-10-31,,,
안성시,영심농장,산란계,17517.0,경기도 안성시 삼죽면 신미1길 53-6,경기도 안성시 삼죽면 미장리 170번지,37.0401881,127.3642551,80000,2020-05-31,닭,20181129.0,
안성시,영심농장,산란계,17517.0,경기도 안성시 삼죽면 신미1길 53-6,경기도 안성시 삼죽면 미장리 170번지,127.3642551,37.0401881,80000,2018-04-30,,,
안성시,영양축산,산란계,17526.0,"경기도 안성시 일죽면 신흥리 902번지 , 903-1, 904",경기도 안성시 일죽면 선유동길 23-33,37.1226585066,127.4642700413,0,2026-01-31,닭,20240208.0,
안성시,영양축산,육계,17526.0,경기도 안성시 일죽면 선유동길 23-33,경기도 안성시 일죽면 신흥리 902번지,37.1229259,127.4645805,35000,2019-12-31,닭,20181129.0,
안성시,영양축산,육계,17526.0,경기도 안성시 일죽면 선유동길 23-33,경기도 안성시 일죽면 신흥리 902번지 번지 외 2필지,37.1226585066,127.4642700413,22000,2021-09-30,닭,20210618.0,
안성시,영윤농장,육계,17501.0,경기도 안성시 양성면 양성로 614,경기도 안성시 양성면 장서리 320번지,37.1064018,127.2128747,1000,2020-07-31,닭,20181129.0,
안성시,영윤농장,육계,17501.0,경기도 안성시 양성면 양성로 614,경기도 안성시 양성면 장서리 320번지,127.2128747,37.1064018,1000,2018-10-31,,,
안성시,영윤농장,육계,17501.0,경기도 안성시 양성면 장서리 320번지,경기도 안성시 양성면 양성로 614,37.1065773568,127.2128703233,1000,2025-08-31,닭,20240208.0,
안성시,영윤농장,육계,17501.0,경기도 안성시 양성면 양성로 614,경기도 안성시 양성면 장서리 320번지,37.1065773568,127.2128703233,1000,2021-11-30,닭,20210618.0,
안성시,영화농장,산란계,17531.0,경기도 안성시 일죽면 장암초교길 99,경기도 안성시 일죽면 장암리 162번지 1호 외 1필지(162-3),37.0743234104,127.4625489917,10760,2021-07-31,닭,20210618.0,
안성시,영화농장,종계,17531.0,경기도 안성시 일죽면 장암리 162번지 1호 외 1필지(162-3),경기도 안성시 일죽면 장암초교길 99,37.0743234104,127.4625489917,10760,2025-04-30,닭,20240208.0,
안성시,오두리 농장,육계,17508.0,경기도 안성시 보개면 남사당로 340-50,경기도 안성시 보개면 오두리 255번지 5호,37.0430500587,127.315318223,45000,2021-06-30,닭,20210618.0,
안성시,오두리 농장,육계,17508.0,경기도 안성시 보개면 남사당로 340-50,경기도 안성시 보개면 오두리 255번지 5호,37.0430507,127.3143716,45000,2020-07-31,닭,20181129.0,
안성시,오두리 농장,육계,17508.0,경기도 안성시 보개면 오두리 255번지 5호,경기도 안성시 보개면 남사당로 340-50,,,45000,2025-04-30,닭,20240208.0,
안성시,오두리 농장,육계,17508.0,경기도 안성시 보개면 남사당로 340-50,경기도 안성시 보개면 오두리 255번지 5호,127.3143716,37.0430507,45000,2018-04-30,,,
안성시,오림농장,산란계,17509.0,경기도 안성시 보개면 적가리 159번지,경기도 안성시 보개면 보개원삼로 575-12,37.054927098,127.2912432422,100000,2026-02-26,닭,20240208.0,
안성시,오림농장,산란계,17509.0,경기도 안성시 보개면 보개원삼로 575-12,경기도 안성시 보개면 적가리 159번지,37.0548228,127.2913167,100000,2019-07-31,닭,20181129.0,
안성시,오림농장,산란계,17509.0,경기도 안성시 보개면 보개원삼로 575-12,경기도 안성시 보개면 적가리 159번지,127.2913167,37.0548228,100000,2018-08-31,,,
안성시,오림농장,산란계,17509.0,경기도 안성시 보개면 보개원삼로 575-12,경기도 안성시 보개면 적가리 159번지,37.054927098,127.2912432422,100000,2021-09-30,닭,20210618.0,
안성시,오성농장,산란계,17553.0,,경기도 안성시 원곡면 지문리 24번지 1호,37.047269,127.1433868,8000,2021-04-30,닭,20181129.0,
안성시,오성농장,산란계,17553.0,,경기도 안성시 원곡면 지문리 24번지 1호,37.0472690165,127.1433868157,8000,2021-07-31,닭,20210618.0,
안성시,오성농장,산란계,17553.0,경기도 안성시 원곡면 지문리 24번지 1호,경기도 안성시 원곡면 지문리 24번지 1호,,,8000,2025-04-30,닭,20240208.0,
안성시,오성농장,산란계,17553.0,,경기도 안성시 원곡면 지문리 24번지 1호,127.1433868,37.047269,8000,2018-03-14,,,
안성시,완기농장,산란계,17503.0,,경기도 안성시 양성면 삼암리 474번지 6호,37.0284362,127.2059955,46,2019-06-30,닭,20181129.0,
안성시,완기농장,산란계,17503.0,,경기도 안성시 양성면 삼암리 474번지 6호,127.2059955,37.0284362,46,2018-08-31,,,
안성시,완기농장,산란계,17503.0,경기도 안성시 양성면 삼암리 474번지 6호,경기도 안성시 양성면 삼암리 474번지 6호,,,46,2025-08-31,닭,20240208.0,
안성시,완기농장,산란계,17503.0,경기도 안성시 양성면 정자말길 63-32,경기도 안성시 양성면 삼암리 474번지 6호,37.028893396,127.2060123317,46,2021-06-30,닭,20210618.0,
안성시,완호농장,육계,17509.0,경기도 안성시 보개면 보개원삼로 397-12,경기도 안성시 보개면 기좌리 275번지,37.0388265,127.288626,30000,2018-12-31,닭,,
안성시,완호농장,육계,17509.0,경기도 안성시 보개면 보개원삼로 397-16,경기도 안성시 보개면 기좌리 275번지,127.2887611,37.0388802,30000,2018-04-30,,,
안성시,용단농장,육계,17507.0,경기도 안성시 보개면 삼은길 316,경기도 안성시 보개면 남풍리 1223번지 2호,127.3037906,37.0791564,30000,2018-09-30,,,
안성시,용단농장,육계,17507.0,경기도 안성시 보개면 삼은길 316,경기도 안성시 보개면 남풍리 1223번지 2호,37.0791564,127.3037906,30000,2020-04-30,닭,20181129.0,
안성시,용단농장,육계,17507.0,경기도 안성시 보개면 삼은길 316,경기도 안성시 보개면 남풍리 1223번지 2호,37.0794675145,127.3038329896,60000,2021-11-30,닭,20210618.0,
안성시,용단농장,육계,17507.0,경기도 안성시 보개면 남풍리 1223번지 2호,경기도 안성시 보개면 삼은길 316,,,60000,2025-04-30,닭,20240208.0,
안성시,용마농장,육계,,,경기도 안성시 서운면 신기리 산 43번지,127.2739907,36.9594858,350,2018-08-31,,,
안성시,용마농장,육계,17606.0,경기도 안성시 서운면 바우덕이로 225,경기도 안성시 서운면 신기리 산 43번지,36.9571732,127.2726239,350,2021-04-30,닭,20181129.0,
안성시,용마농장,육계,17606.0,경기도 안성시 서운면 신기리 산 43번지,경기도 안성시 서운면 바우덕이로 225,36.9567813661,127.2732696975,350,2025-04-30,닭,20240208.0,
안성시,용마농장,육계,17606.0,경기도 안성시 서운면 바우덕이로 225,경기도 안성시 서운면 신기리 산 43번지,36.9567813661,127.2732696975,350,2021-07-31,닭,20210618.0,
안성시,용성농장,,17526.0,경기도 안성시 일죽면 일죽신흥로 172-35,경기도 안성시 일죽면 신흥리 958번지 4호,37.1181542929,127.4757762174,6000,2025-04-30,오리,20240208.0,
안성시,용성농장,,17526.0,경기도 안성시 일죽면 일죽신흥로 172-35,경기도 안성시 일죽면 신흥리 958번지 4호,37.1184038,127.4757372,6000,2021-04-30,오리,20181129.0,
안성시,용성농장,오리,17526.0,경기도 안성시 일죽면 신흥리 958번지 4호,경기도 안성시 일죽면 일죽신흥로 172-35,,,6000,2025-08-31,오리,20240208.0,
안성시,우리농장,,17508.0,,경기도 안성시 보개면 내방리 19번지 외6필지,37.0268802,127.3130132,8000,2021-04-30,오리,20181129.0,
안성시,원범농장,육계,17501.0,경기도 안성시 양성면 상장서길 47,경기도 안성시 양성면 장서리 175번지,37.1041242,127.2167383,40000,2019-02-28,닭,20181129.0,
안성시,원범농장,육계,17501.0,경기도 안성시 양성면 상장서길 47,경기도 안성시 양성면 장서리 175번지,127.2167383,37.1041242,40000,2018-08-31,,,
안성시,원범농장,육계,17501.0,경기도 안성시 양성면 상장서길 47,경기도 안성시 양성면 장서리 175번지,37.1043512649,127.2167952354,40000,2021-11-30,닭,20210618.0,
안성시,유신농장,육계,17529.0,,경기도 안성시 일죽면 송천리 473번지 0호,127.4700804,37.0895477,4500,2018-08-31,,,
안성시,유원농장,육계,17562.0,경기도 안성시 공도읍 정봉길 31,경기도 안성시 공도읍 승두리 7번지 1호,36.996219,127.1743317,32000,2020-04-30,닭,20181129.0,
안성시,유원농장,육계,17562.0,경기도 안성시 공도읍 정봉길 31,경기도 안성시 공도읍 승두리 7번지 1호,127.1743317,36.996219,32000,2018-09-30,,,
안성시,유화농장,산란계,17510.0,경기도 안성시 보개면 동문이길 57,경기도 안성시 보개면 동신리 655번지,127.2948723,36.9998312,50000,2018-03-14,,,
안성시,유화농장,산란계,17510.0,경기도 안성시 보개면 동문이길 57,경기도 안성시 보개면 동신리 655번지,36.9996672,127.2956244,50000,2019-01-31,닭,,
안성시,유화농장,산란계,17510.0,경기도 안성시 보개면 동신리 650번지,경기도 안성시 보개면 동문이길 60,36.9995563011,127.2938110734,37500,2025-05-31,닭,20240208.0,
안성시,유화농장,산란계,17510.0,경기도 안성시 보개면 동문이길 60,경기도 안성시 보개면 동신리 650번지,36.9995563011,127.2938110734,37500,2021-09-30,닭,20210618.0,
안성시,육계농장,육계,17508.0,,경기도 안성시 보개면 상삼리 54번지 2호,37.0223004,127.3306713,50000,2019-07-31,닭,20181129.0,
안성시,육계농장,육계,17508.0,,경기도 안성시 보개면 상삼리 54번지 2호,37.0223004904,127.3306713014,50000,2021-06-30,닭,20210618.0,
안성시,육계농장,육계,17508.0,경기도 안성시 보개면 상삼리 54번지 2호,경기도 안성시 보개면 상삼리 54번지 2호,37.0220493436,127.3302544343,50000,2026-02-26,닭,20240208.0,
안성시,육계농장,육계,17508.0,,경기도 안성시 보개면 상삼리 54번지 2호,127.3306713,37.0223004,50000,2018-10-31,,,
안성시,은영농장,육계,17604.0,경기도 안성시 미양면 양변길 149,경기도 안성시 미양면 강덕리 12번지,36.9598369,127.2313241,90000,2020-04-30,닭,20181129.0,
안성시,은영농장,육계,17604.0,경기도 안성시 미양면 양변길 149,경기도 안성시 미양면 강덕리 12번지,36.9601013699,127.231337995,90000,2021-07-31,닭,20210618.0,
안성시,은영농장,육계,17604.0,경기도 안성시 미양면 강덕리 12번지,경기도 안성시 미양면 양변길 149,36.9601013699,127.231337995,90000,2025-07-31,닭,20240208.0,
안성시,이삼농장,산란계,17511.0,경기도 안성시 삼죽면 율곡리 905번지 2호,경기도 안성시 삼죽면 품곡길 158-14,37.0927657175,127.3579471154,58000,2026-01-31,닭,20240208.0,
안성시,이삼농장,산란계,17511.0,경기도 안성시 삼죽면 품곡길 158-14,경기도 안성시 삼죽면 율곡리 905번지 2호,37.0990691004,127.3575183117,58000,2021-11-30,닭,20210618.0,
안성시,이삼농장,산란계,17511.0,경기도 안성시 삼죽면 품곡길 158-14,경기도 안성시 삼죽면 율곡리 905번지 2호,37.0988222,127.3574466,58000,2019-05-31,닭,20181129.0,
안성시,이삼농장,산란계,17511.0,경기도 안성시 삼죽면 품곡길 158-14,경기도 안성시 삼죽면 율곡리 905번지 2호,127.3574466,37.0988222,58000,2018-08-31,,,
안성시,인주종계장,산란계,17563.0,경기도 안성시 공도읍 진사2길 34-32,경기도 안성시 공도읍 진사리 376번지,36.990882035,127.1503303642,182500,2021-06-30,닭,20210618.0,
안성시,인주종계장,종계,17563.0,경기도 안성시 공도읍 진사리 376번지,경기도 안성시 공도읍 진사2길 34-32,36.990882035,127.1503303642,182500,2026-02-26,닭,20240208.0,
안성시,일월농장,육계,17530.0,경기도 안성시 일죽면 월정리 1423번지,경기도 안성시 일죽면 월정리 1423번지,37.0909099054,127.4437693126,41000,2025-08-31,닭,20240208.0,
안성시,일월농장,육계,17530.0,,경기도 안성시 일죽면 월정리 1423번지,37.090909989,127.4437468178,41000,2021-06-30,닭,20210618.0,
안성시,일월농장,육계,17530.0,,경기도 안성시 일죽면 월정리 1423번지,127.4437468,37.0909099,41000,2018-09-30,,,
안성시,일월농장,육계,17530.0,,경기도 안성시 일죽면 월정리 1423번지,37.0909099,127.4437468,41000,2020-06-30,닭,20181129.0,
안성시,일죽 농장,산란계,17531.0,경기도 안성시 일죽면 장암로 24-72,경기도 안성시 일죽면 장암리 35번지 3호,37.0809048,127.4682392,30000,2020-07-31,닭,20181129.0,
안성시,일죽 농장,산란계,17531.0,경기도 안성시 일죽면 장암리 35번지 3호,경기도 안성시 일죽면 장암로 24-72,,,30000,2026-02-26,닭,20240208.0,
안성시,일죽 농장,산란계,17531.0,경기도 안성시 일죽면 장암로 24-72,경기도 안성시 일죽면 장암리 35번지 3호,37.0807076854,127.4700951915,30000,2021-07-31,닭,20210618.0,
안성시,일죽 농장,산란계,17531.0,경기도 안성시 일죽면 장암로 24-72,경기도 안성시 일죽면 장암리 35번지 3호,127.4699145,37.0808532,30000,2018-03-14,,,
안성시,장동농장,,17506.0,경기도 안성시 보개면 동평길 134-84,경기도 안성시 보개면 동평리 25번지,37.0852689,127.3297613,20000,2018-12-31,오리,,
안성시,장수농장,산란계,17554.0,,경기도 안성시 원곡면 성주리 123번지,37.0860082,127.1691576,16000,2020-11-30,닭,20181129.0,
안성시,장수농장,육계,17604.0,경기도 안성시 미양면 고지1길 131-52,경기도 안성시 미양면 고지리 69번지 4호,127.2217999,36.9550611,90000,2018-10-31,,,
안성시,장수농장,산란계,17528.0,,경기도 안성시 일죽면 산북리 156번지,127.507022,37.0801336,27000,2018-10-31,,,
안성시,장수농장,산란계,17554.0,,경기도 안성시 원곡면 성주리 123번지,127.1691576,37.0860082,16000,2018-10-31,,,
안성시,장수농장,육계,17604.0,경기도 안성시 미양면 고지리 69번지 4호,경기도 안성시 미양면 고지1길 131-52,36.9554434034,127.2197127171,0,2025-08-31,닭,20240208.0,
안성시,장수농장,산란계,17604.0,경기도 안성시 미양면 고지1길 131-52,경기도 안성시 미양면 고지리 69번지 4호,36.9556448836,127.2220532058,51700,2021-07-31,닭,20210618.0,
안성시,장수농장,산란계,17604.0,경기도 안성시 미양면 고지1길 131-52,경기도 안성시 미양면 고지리 69번지 4호,36.9550611,127.2217999,51700,2020-07-31,닭,20181129.0,
안성시,재성농장,육계,17604.0,,경기도 안성시 미양면 고지리 산 93번지 1호,,,50000,2020-04-30,닭,20181129.0,
안성시,재성농장,육계,,,경기도 안성시 미양면 고지리 산 93번지 1호,127.2152887,36.9553612,50000,2018-04-30,,,
안성시,재수농장,육계,17607.0,경기도 안성시 서운면 서운로 412,경기도 안성시 서운면 양촌리 297번지 1호,36.9492818,127.2594944,30000,2019-06-30,닭,20181129.0,
안성시,재수농장,육계,17607.0,경기도 안성시 서운면 서운로 412,경기도 안성시 서운면 양촌리 297번지 1호,127.2594944,36.9492818,30000,2018-08-31,,,
안성시,재수농장,육계,17607.0,경기도 안성시 서운면 서운로 412,경기도 안성시 서운면 양촌리 297번지 1호,36.949163289,127.2591069203,30000,2021-09-30,닭,20210618.0,
안성시,정기농장,육계,17508.0,경기도 안성시 보개면 신곡길 20-11 (신안리),경기도 안성시 보개면 신안리 92번지 2호,37.0536333,127.3162361,2000,2020-11-30,닭,20181129.0,
안성시,정기농장,육계,17508.0,경기도 안성시 보개면 신곡길 20-11,경기도 안성시 보개면 신안리 92번지 2호,127.3162361,37.0536333,2000,2018-10-31,,,
안성시,정기농장,육계,17508.0,경기도 안성시 보개면 신곡길 20-11,경기도 안성시 보개면 신안리 92번지 2호,37.0537062475,127.3161134252,2000,2021-06-30,닭,20210618.0,
안성시,정훈농장,산란계,17608.0,경기도 안성시 서운면 신흥리 265번지 1호,경기도 안성시 서운면 사갑1길 245,,,126000,2026-02-26,닭,20240208.0,
안성시,정훈농장,산란계,17608.0,경기도 안성시 서운면 사갑1길 245,경기도 안성시 서운면 신흥리 265번지 1호,127.2402176,36.9274798,55000,2018-10-31,,,
안성시,정훈농장,산란계,17608.0,경기도 안성시 서운면 사갑1길 245,경기도 안성시 서운면 신흥리 265번지 1호,36.9274798,127.2402176,55000,2019-02-28,닭,20181129.0,
안성시,정훈농장,산란계,17608.0,경기도 안성시 서운면 사갑1길 245,경기도 안성시 서운면 신흥리 265번지 1호,36.9278756929,127.2399397515,55000,2021-11-30,닭,20210618.0,
안성시,정훈축산,산란계,17608.0,경기도 안성시 서운면 사갑1길 237-31,경기도 안성시 서운면 신흥리 산 25번지,36.9262824,127.2397089,55000,2019-12-31,닭,20181129.0,
안성시,정훈축산,산란계,17608.0,경기도 안성시 서운면 사갑1길 237-31,경기도 안성시 서운면 신흥리 산 25번지,36.9259914028,127.2398226429,55000,2021-07-31,닭,20210618.0,
안성시,정훈축산,산란계,17608.0,,경기도 안성시 서운면 신흥리 산 25번지,127.2451158,36.9218652,55000,2018-08-31,,,
안성시,정훈축산,산란계,17608.0,경기도 안성시 서운면 신흥리 산 25번지,경기도 안성시 서운면 사갑1길 237-31,36.9262824124,127.2397089139,55000,2025-05-31,닭,20240208.0,
안성시,제2대화 오리농장 DHD,오리,17526.0,"경기도 안성시 일죽면 화곡리 611번지 ,612-1외 1필지","경기도 안성시 일죽면 죽화로 278-19 (,612-1외 1필지)",37.1051952607,127.4564000956,20000,2025-05-31,오리,20240208.0,
안성시,제2대화 오리농장 DHD,,17526.0,"경기도 안성시 일죽면 죽화로 278-19 (,612-1외 1필지)","경기도 안성시 일죽면 화곡리 611번지 ,612-1외 1필지",37.1049898,127.4566305,20000,2019-07-31,오리,20181129.0,
안성시,제2대화 오리농장 DHD,,17526.0,"경기도 안성시 일죽면 죽화로 278-19 (,612-1외 1필지)","경기도 안성시 일죽면 화곡리 611번지 ,612-1외 1필지",37.1051952607,127.4564000956,20000,2025-07-31,오리,20240208.0,
안성시,제일농장,육계,17601.0,경기도 안성시 미양면 정동리 504번지 15호,경기도 안성시 미양면 중앙배수1길 148-24,,,30000,2026-02-26,닭,20240208.0,
안성시,제일농장,육계,17601.0,경기도 안성시 미양면 중앙배수1길 148-24,경기도 안성시 미양면 정동리 504번지 15호,36.9771901,127.1966386,30000,2020-04-30,닭,20181129.0,
안성시,제일농장,육계,17601.0,경기도 안성시 미양면 중앙배수1길 148-24,경기도 안성시 미양면 정동리 504번지 15호,36.9770186592,127.1964932492,30000,2021-06-30,닭,20210618.0,
안성시,조아라 한약닭 농장,육계,17516.0,경기도 안성시 삼죽면 진촌진말길 29,경기도 안성시 삼죽면 진촌리 511번지 2호,127.3608935,37.0519931,20000,2018-04-30,,,
안성시,조아라 한약닭 농장,육계,17516.0,경기도 안성시 삼죽면 진촌진말길 29,경기도 안성시 삼죽면 진촌리 511번지 2호,37.0519931,127.3608935,20000,2019-07-31,닭,20181129.0,
안성시,조아라 한약닭 농장,육계,17516.0,경기도 안성시 삼죽면 진촌리 511번지 2호,경기도 안성시 삼죽면 진촌진말길 29,,,20000,2025-04-30,닭,20240208.0,
안성시,조아라 한약닭 농장,육계,17516.0,경기도 안성시 삼죽면 진촌진말길 29,경기도 안성시 삼죽면 진촌리 511번지 2호,37.0523428297,127.3607997698,20000,2021-09-30,닭,20210618.0,
안성시,종영농장,육계,17538.0,경기도 안성시 금광면 장재동길 56-46,경기도 안성시 금광면 장죽리 330번지,127.3175129,36.9625052,100,2018-08-31,,,
안성시,주안농장,육계,17507.0,경기도 안성시 보개면 이전리 416번지 1호,경기도 안성시 보개면 이전봉산길 31-87,37.0569077806,127.2861192576,0,2025-08-31,닭,20240208.0,
안성시,주은농장,,17596.0,,경기도 안성시 현수동 47번지,36.9985558,127.278095,10000,2020-06-30,오리,20181129.0,
안성시,주주농축산,육계,17526.0,경기도 안성시 일죽면 선유동길 30-2,경기도 안성시 일죽면 신흥리 865번지 1호,127.4684913,37.1239558,85000,2018-04-30,,,
안성시,준 농장,육계,17604.0,경기도 안성시 미양면 서변1길 55-24,경기도 안성시 미양면 강덕리 154번지 2호,36.949393,127.2361878,59900,2018-12-31,닭,,
안성시,준 농장,육계,17604.0,경기도 안성시 미양면 강덕리 154번지 2호,경기도 안성시 미양면 서변1길 55-24,,,61400,2026-01-31,닭,20240208.0,
안성시,준 농장,육계,17604.0,경기도 안성시 미양면 서변1길 55-24,경기도 안성시 미양면 강덕리 154번지 2호,36.9495113123,127.2362272079,61400,2021-06-30,닭,20210618.0,
안성시,준 농장,육계,17604.0,경기도 안성시 미양면 서변1길 55-24,경기도 안성시 미양면 강덕리 154번지 2호,127.2361878,36.949393,50000,2018-03-14,,,
안성시,중대농장,산란계,17509.0,,경기도 안성시 보개면 불현리 산 119번지 1호,,,2000,2020-06-30,닭,20181129.0,
안성시,중대농장,산란계,17509.0,,경기도 안성시 보개면 불현리 산 119번지 1호,127.2875107,37.0260881,2000,2018-09-30,,,
안성시,중대농장,산란계,17509.0,경기도 안성시 보개면 불현리 산 119번지 1호,경기도 안성시 보개면 불현리 산 119번지 1호,,,2300,2025-05-31,닭,20240208.0,
안성시,중영농장,,17603.0,경기도 안성시 미양면 서미로 367-7 (고지리),경기도 안성시 미양면 고지리 210번지 1호,36.9565558,127.2124064,20000,2020-01-31,오리,20181129.0,
안성시,중영농장,,17603.0,경기도 안성시 미양면 서미로 367-7,경기도 안성시 미양면 고지리 210번지 1호,36.9569289121,127.2123660326,20000,2021-07-31,오리,20210618.0,
안성시,지현농장,산란계,17536.0,경기도 안성시 금광면 구송동길 54,경기도 안성시 금광면 내우리 103번지 2호,36.9972483,127.3044225,300,2020-04-30,닭,20181129.0,
안성시,지현농장,산란계,17536.0,경기도 안성시 금광면 구송동길 58,경기도 안성시 금광면 내우리 103번지 2호,127.3044225,36.9972483,300,2018-03-14,,,
안성시,지현농장,산란계,17536.0,경기도 안성시 금광면 내우리 103번지 2호,경기도 안성시 금광면 구송동길 54,,,300,2026-02-26,닭,20240208.0,
안성시,지현농장,산란계,17536.0,경기도 안성시 금광면 구송동길 54,경기도 안성시 금광면 내우리 103번지 2호,36.9974923418,127.3046731232,300,2021-07-31,닭,20210618.0,
안성시,진가네농장,육계,17540.0,경기도 안성시 대덕면 삼한리 593번지 1호,경기도 안성시 대덕면 한사울길 81-34,,,40000,2025-04-30,닭,20240208.0,
안성시,진가네농장,육계,17540.0,경기도 안성시 대덕면 한사울길 81-34,경기도 안성시 대덕면 삼한리 593번지 1호,37.0613151213,127.2747474306,40000,2021-11-30,닭,20210618.0,
안성시,진가네농장,육계,17540.0,경기도 안성시 대덕면 한사울길 81-34,경기도 안성시 대덕면 삼한리 593번지 1호,37.061241,127.2749257,40000,2020-05-31,닭,20181129.0,
안성시,진촌 농장,산란계,17564.0,경기도 안성시 공도읍 진건중길 114-6,경기도 안성시 공도읍 진사리 112번지 4호,36.9869412,127.1368059,13500,2020-07-31,닭,20181129.0,
안성시,진촌 농장,산란계,17564.0,경기도 안성시 공도읍 진건중길 114-6,경기도 안성시 공도읍 진사리 112번지 4호,36.9874255881,127.1370077874,13500,2021-09-30,닭,20210618.0,
안성시,진촌 농장,산란계,17564.0,경기도 안성시 공도읍 진건중길 114-6,경기도 안성시 공도읍 진사리 112번지 4호,127.1368059,36.9869412,13500,2018-03-14,,,
안성시,천일농장,육계,17509.0,경기도 안성시 보개면 곡천길 51-61,경기도 안성시 보개면 곡천리 118번지,37.0289676,127.292871,30000,2020-06-30,닭,20181129.0,
안성시,천일농장,육계,17509.0,경기도 안성시 보개면 곡천길 51-61,경기도 안성시 보개면 곡천리 118번지,127.292871,37.0289676,30000,2018-04-30,,,
안성시,천일농장,육계,17509.0,경기도 안성시 보개면 곡천길 51-61,경기도 안성시 보개면 곡천리 118번지,37.0289867029,127.2928995501,30000,2021-09-30,닭,20210618.0,
안성시,천하오리,,17528.0,,경기도 안성시 일죽면 산북리 140번지,37.0807442,127.5117382,8500,2020-05-31,오리,20181129.0,
안성시,천호농장,육계,,,경기도 안성시 보개면 구사리 산 35번지 1호,127.3010009,37.0301098,40000,2018-04-30,,,
안성시,천호농장,육계,17509.0,경기도 안성시 보개면 구사리 산 35번지 1호,경기도 안성시 보개면 남사당로 106-31,37.0272473845,127.3037762251,30000,2025-07-31,닭,20240208.0,
안성시,천호농장,육계,17509.0,경기도 안성시 보개면 남사당로 106-31,경기도 안성시 보개면 구사리 산 35번지 1호,37.0276609,127.3037897,40000,2019-02-28,닭,20181129.0,
안성시,천호농장,육계,17509.0,경기도 안성시 보개면 남사당로 106-31,경기도 안성시 보개면 구사리 산 35번지 1호,37.0272473845,127.3037762251,30000,2021-07-31,닭,20210618.0,
안성시,청보농장,오리,17608.0,경기도 안성시 서운면 신흥리 248번지 외 5필지,경기도 안성시 서운면 사갑1길 191-24,36.9287914859,127.24238445,30000,2025-04-30,오리,20240208.0,
안성시,청보농장,,17608.0,경기도 안성시 서운면 사갑1길 191-24,경기도 안성시 서운면 신흥리 248번지 외 5필지,36.9287914859,127.24238445,30000,2025-04-30,오리,20240208.0,
안성시,청산농장,산란계,17548.0,경기도 안성시 공도읍 문터길 87,경기도 안성시 공도읍 마정리 433번지 2호,127.1938251,37.0153279,100000,2018-03-14,,,
안성시,청산농장,산란계,17548.0,경기도 안성시 공도읍 문터길 87,경기도 안성시 공도읍 마정리 433번지 2호,37.0153279,127.1938251,100000,2020-04-30,닭,20181129.0,
안성시,청산농장,산란계,17548.0,경기도 안성시 공도읍 마정리 433번지 2호,경기도 안성시 공도읍 문터길 87,37.0153418419,127.1941376365,100000,2025-05-31,닭,20240208.0,
안성시,청산농장,산란계,17548.0,경기도 안성시 공도읍 문터길 87,경기도 안성시 공도읍 마정리 433번지 2호,37.0153418419,127.1941376365,100000,2021-06-30,닭,20210618.0,
안성시,청산오리농장,,17554.0,경기도 안성시 원곡면 승량길 130,경기도 안성시 원곡면 성주리 190번지,37.0803996,127.1656028,20000,2019-06-30,오리,20181129.0,
안성시,청원농장,산란계,17508.0,경기도 안성시 보개면 보개산로 291-44,경기도 안성시 보개면 북좌리 11번지,127.3375887,37.046799,15000,2018-10-31,,,
안성시,청원농장,산란계,17508.0,경기도 안성시 보개면 보개산로 291-44,경기도 안성시 보개면 북좌리 11번지,37.0466702514,127.3375199869,15000,2021-07-31,닭,20210618.0,
안성시,청원농장,산란계,17508.0,경기도 안성시 보개면 보개산로 291-44,경기도 안성시 보개면 북좌리 11번지,37.046799,127.3375887,15000,2019-05-31,닭,20181129.0,
안성시,청원농장,산란계,17508.0,경기도 안성시 보개면 북좌리 11번지,경기도 안성시 보개면 보개산로 291-44,37.0466702514,127.3375199869,15000,2025-05-31,닭,20240208.0,
안성시,초원농장,,17508.0,"경기도 안성시 보개면 은행나무길 90-53 외2필(271-4,271-5) (내방리)","경기도 안성시 보개면 내방리 271번지 3호 외2필(271-4,271-5)",37.0181319,127.3091795,12000,2018-12-31,오리,,
안성시,초원농장,육계,17508.0,경기도 안성시 보개면 은행나무길 90-53,경기도 안성시 보개면 내방리 271번지 4호,37.0181705018,127.3096789431,50000,2021-07-31,닭,20210618.0,
안성시,큰오리농장,,17527.0,"경기도 안성시 일죽면 노동길 73 (, 659-1번지, 659-5번지)","경기도 안성시 일죽면 능국리 674번지 , 659-1번지, 659-5번지",37.1127393,127.4883479,5000,2020-07-31,오리,20181129.0,
안성시,큰오리농장,,17528.0,경기도 안성시 일죽면 산북1길 45-27,"경기도 안성시 일죽면 산북리 607번지 1호 , 607-2번지",37.0812442,127.502216,6000,2020-07-31,오리,20181129.0,
안성시,큰오리농장,,17530.0,,"경기도 안성시 일죽면 월정리 1727번지 , 1728번지, 1728-1번지, 1729번지, 1730번지",37.0806274,127.4584646,12000,2020-07-31,오리,20181129.0,
안성시,큰오리농장1,,17528.0,경기도 안성시 일죽면 산북1길 45-27,경기도 안성시 일죽면 산북리 607번지 2호,37.0813784922,127.5022839786,9000,2025-04-30,오리,20240208.0,
안성시,큰오리농장1,오리,17528.0,경기도 안성시 일죽면 산북리 607번지 2호,경기도 안성시 일죽면 산북1길 45-27,37.0807666313,127.5022354165,9000,2026-02-26,오리,20240208.0,
안성시,큰오리농장3,오리,17530.0,"경기도 안성시 일죽면 월정리 1727번지 , 1728번지, 1728-1번지, 1729번지, 1730번지","경기도 안성시 일죽면 월정리 1727번지 , 1728번지, 1728-1번지, 1729번지, 1730번지",37.0806544924,127.4584648325,14000,2026-01-31,오리,20240208.0,
안성시,큰오리농장3,,17530.0,,"경기도 안성시 일죽면 월정리 1727번지 , 1728번지, 1728-1번지, 1729번지, 1730번지",37.0806544924,127.4584648325,14000,2025-05-31,오리,20240208.0,
안성시,큰오리농장3,,17530.0,,"경기도 안성시 일죽면 월정리 1727번지 , 1728번지, 1728-1번지, 1729번지, 1730번지",37.0806274616,127.4584646707,14000,2021-11-30,오리,20210618.0,
안성시,태양농장,육계,17508.0,경기도 안성시 보개면 내방상삼로 168-32,경기도 안성시 보개면 상삼리 872번지 5호 외1 필지,127.3300074,37.0273572,29820,2018-03-14,,,
안성시,텃골축산,산란계,17531.0,경기도 안성시 일죽면 장암로 24-72 (외 3필지),경기도 안성시 일죽면 장암리 411번지 27호 외 3필지,37.0809048,127.4682392,150000,2021-04-30,닭,20181129.0,
안성시,텃골축산,산란계,17531.0,경기도 안성시 일죽면 장암로 24-72 (외 3필지),경기도 안성시 일죽면 장암리 411번지 27호 외 3필지,37.0807076854,127.4700951915,150000,2021-09-30,닭,20210618.0,
안성시,텃골축산,산란계,17531.0,경기도 안성시 일죽면 장암리 411번지 27호 외 3필지,경기도 안성시 일죽면 장암로 24-72 (외 3필지),37.0807076854,127.4700951915,150000,2026-01-31,닭,20240208.0,
안성시,텃골축산,산란계,17531.0,경기도 안성시 일죽면 장암로 24-72,경기도 안성시 일죽면 장암리 411번지 27호 외 3필지,127.4665508,37.0806592,150000,2018-10-31,,,
안성시,판기농장,산란계,17564.0,경기도 안성시 공도읍 진건중길 98,경기도 안성시 공도읍 진사리 115번지 1호,36.9878318,127.138088,13000,2019-02-28,닭,20181129.0,
안성시,판기농장,산란계,17564.0,경기도 안성시 공도읍 진건중길 102,경기도 안성시 공도읍 진사리 115번지 1호,127.1378294,36.9876879,13000,2018-09-30,,,
안성시,팔봉농장,육계,17531.0,경기도 안성시 일죽면 장암초교길 123-14,경기도 안성시 일죽면 장암리 438번지 3호,37.0755457,127.4584117,40000,2019-06-30,닭,20181129.0,
안성시,팔봉농장,육계,17531.0,경기도 안성시 일죽면 장암초교길 123-14,경기도 안성시 일죽면 장암리 438번지 3호,127.4584117,37.0755457,40000,2018-04-30,,,
안성시,팔봉농장,육계,17531.0,경기도 안성시 일죽면 장암리 438번지 3호,경기도 안성시 일죽면 장암초교길 123-14,,,40000,2025-07-31,닭,20240208.0,
안성시,팔봉농장,육계,17531.0,경기도 안성시 일죽면 장암초교길 123-14,경기도 안성시 일죽면 장암리 438번지 3호,37.0756653049,127.4588132872,40000,2021-06-30,닭,20210618.0,
안성시,팔상농장,육계,17526.0,경기도 안성시 일죽면 선유동길 23-28,경기도 안성시 일죽면 신흥리 840번지,37.123389295,127.4664423361,30000,2021-09-30,닭,20210618.0,
안성시,팔상농장,육계,17526.0,경기도 안성시 일죽면 지내동길 84-1,경기도 안성시 일죽면 신흥리 540번지,37.114567,127.4753195,30000,2021-04-30,닭,20181129.0,
안성시,팔상농장,육계,17526.0,경기도 안성시 일죽면 지내동길 84-1,경기도 안성시 일죽면 신흥리 540번지,127.4753195,37.114567,30000,2018-08-31,,,
안성시,평안농장,,17508.0,,경기도 안성시 보개면 신안리 87번지 6호,37.0532170546,127.3134801121,20000,2021-07-31,오리,20210618.0,
안성시,평안농장,,17508.0,경기도 안성시 보개면 남사당로 442 (신안리),경기도 안성시 보개면 신안리 87번지 6호,37.053217,127.3134801,20000,2020-07-31,오리,20181129.0,
안성시,하나둘셋영농조합법인,산란계,17534.0,경기도 안성시 금광면 금광모산길 42-233,"경기도 안성시 금광면 오흥리 23번지 1호 외3필지(22-2,23,24-1)",37.0168265,127.3542786,9588,2019-05-31,닭,20181129.0,
안성시,하나둘셋영농조합법인,산란계,17534.0,경기도 안성시 금광면 금광모산길 42-233,"경기도 안성시 금광면 오흥리 23번지 1호 외3필지(22-2,23,24-1)",37.0168905259,127.3542994537,9588,2021-11-30,닭,20210618.0,
안성시,하나둘셋영농조합법인,산란계,17534.0,"경기도 안성시 금광면 오흥리 23번지 1호 외3필지(22-2,23,24-1)",경기도 안성시 금광면 금광모산길 42-233,37.0168905259,127.3542994537,9588,2025-07-31,닭,20240208.0,
안성시,하늘농장,육계,17508.0,경기도 안성시 보개면 상삼리 872번지 4호 외 1필지,경기도 안성시 보개면 내방상삼로 168-32,37.0276031833,127.3298816182,60000,2026-01-31,닭,20240208.0,
안성시,하늘농장,육계,17508.0,경기도 안성시 보개면 내방상삼로 168-32,경기도 안성시 보개면 상삼리 872번지 4호 외 1필지,37.027547,127.3298172,60000,2019-01-31,닭,,
안성시,하늘농장,육계,17508.0,경기도 안성시 보개면 내방상삼로 168-32,경기도 안성시 보개면 상삼리 872번지 4호 외 1필지,37.0276031833,127.3298816182,60000,2021-07-31,닭,20210618.0,
안성시,한다리농장,육계,17525.0,경기도 안성시 일죽면 한다리길 94-16,경기도 안성시 일죽면 방초리 1005번지 14호,37.1190998,127.4173559,70000,2019-07-31,닭,20181129.0,
안성시,한다리농장,육계,17525.0,경기도 안성시 일죽면 한다리길 94-16,경기도 안성시 일죽면 방초리 1005번지 14호,127.4173559,37.1190998,70000,2018-09-30,,,
안성시,한다리농장,육계,17525.0,경기도 안성시 일죽면 방초리 1005번지 14호,경기도 안성시 일죽면 한다리길 94-16,,,71000,2026-01-31,닭,20240208.0,
안성시,한다리농장,육계,17525.0,경기도 안성시 일죽면 한다리길 94-16,경기도 안성시 일죽면 방초리 1005번지 14호,37.119119663,127.417545725,71000,2021-11-30,닭,20210618.0,
안성시,한미농장,산란계,17604.0,경기도 안성시 미양면 서미로 452-58,경기도 안성시 미양면 강덕리 50번지,127.2218567,36.9631076,1400,2018-09-30,,,
안성시,한미농장,산란계,17604.0,경기도 안성시 미양면 서미로 452-58,경기도 안성시 미양면 강덕리 50번지,36.9631076,127.2218567,1400,2018-12-31,닭,,
안성시,한성농장,오리,17528.0,경기도 안성시 일죽면 산북리 125번지 1호 외 1필지,경기도 안성시 일죽면 산북리 125번지 1호 외 1필지,37.0812425076,127.5132148104,9690,2025-04-30,오리,20240208.0,
안성시,한성농장,,17528.0,,경기도 안성시 일죽면 산북리 125번지 1호 외 1필지,37.0812425076,127.5132148104,9690,2025-04-30,오리,20240208.0,
안성시,한성농장,,17508.0,,경기도 안성시 보개면 양복리 662번지,37.0133267,127.3101266,13000,2020-05-31,오리,20181129.0,
안성시,한성농장,,17528.0,,경기도 안성시 일죽면 산북리 125번지 1호 외 1필지,37.0812154769,127.5132146292,9690,2021-06-30,오리,20210618.0,
안성시,한신농장,육계,17531.0,경기도 안성시 일죽면 용설로 17-35,경기도 안성시 일죽면 죽림리 739번지,37.0790175,127.4409452,53000,2021-04-30,닭,20181129.0,
안성시,한신농장,육계,17531.0,경기도 안성시 일죽면 죽림리 739번지,경기도 안성시 일죽면 용설로 17-35,37.0791192722,127.4409903989,53000,2025-08-31,닭,20240208.0,
안성시,한신농장,육계,17531.0,경기도 안성시 일죽면 용설로 17-35,경기도 안성시 일죽면 죽림리 739번지,37.0791192722,127.4409903989,53000,2021-06-30,닭,20210618.0,
안성시,한신농장,육계,17531.0,경기도 안성시 일죽면 용설로 17-35,경기도 안성시 일죽면 죽림리 739번지,127.4409452,37.0790175,53000,2018-10-31,,,
안성시,한울농장,육계,17508.0,경기도 안성시 보개면 남사당로 429-57 (외 1(보개면 오두리 86)),경기도 안성시 보개면 신안리 336번지 2호 외 1(보개면 오두리 86),37.0514375,127.3082341,35000,2020-04-30,닭,20181129.0,
안성시,한울농장,육계,17508.0,경기도 안성시 보개면 남사당로 429-57 (외 1(보개면 오두리 86)),경기도 안성시 보개면 신안리 336번지 2호 외 1(보개면 오두리 86),37.0515123048,127.3082348856,35000,2021-07-31,닭,20210618.0,
안성시,한울농장,육계,17508.0,경기도 안성시 보개면 남사당로 429-57,경기도 안성시 보개면 신안리 336번지 2호 외 1(보개면 오두리 86),127.30793,37.0512941,35000,2018-03-14,,,
안성시,한울농장,육계,17508.0,경기도 안성시 보개면 신안리 336번지 2호 외 1(보개면 오두리 86),경기도 안성시 보개면 남사당로 429-57 (외 1(보개면 오두리 86)),37.0515123048,127.3082348856,35000,2025-08-31,닭,20240208.0,
안성시,해샘찬농장,산란계,17557.0,경기도 안성시 원곡면 반제리 150번지,경기도 안성시 원곡면 원당로 243-40,37.0319131086,127.165152581,20000,2026-01-31,닭,20240208.0,
안성시,해샘찬농장,산란계,17557.0,경기도 안성시 원곡면 원당로 243-40,경기도 안성시 원곡면 반제리 150번지,37.031743,127.1650831,20000,2019-07-31,닭,20181129.0,
안성시,해샘찬농장,산란계,17557.0,경기도 안성시 원곡면 원당로 243-40,경기도 안성시 원곡면 반제리 150번지,37.0319131086,127.165152581,20000,2021-06-30,닭,20210618.0,
안성시,해샘찬농장,산란계,17557.0,경기도 안성시 원곡면 원당로 243-40,경기도 안성시 원곡면 반제리 150번지,127.1650831,37.031743,20000,2018-08-31,,,
안성시,헌식농장,육계,17600.0,경기도 안성시 미양면 구수리 45번지 3호 (외1필지),경기도 안성시 미양면 구수리 45번지 3호 (외1필지),36.9731211193,127.2578180565,36500,2025-04-30,닭,20240208.0,
안성시,헌식농장,육계,17600.0,,경기도 안성시 미양면 구수리 45번지 3호 (외1필지),36.973164669,127.2574632716,36500,2021-06-30,닭,20210618.0,
안성시,현수농장,,17596.0,경기도 안성시 배티로 1009-44 (현수동),경기도 안성시 현수동 291번지 0호,36.9935272,127.2897932,19341,2019-06-30,오리,20181129.0,
안성시,현수농장,육계,17596.0,경기도 안성시 배티로 1009-44 (현수동),경기도 안성시 현수동 291번지,36.9936362519,127.2900510814,65000,2021-06-30,닭,20210618.0,
안성시,현수농장,육계,17596.0,경기도 안성시 현수동 291번지,경기도 안성시 배티로 1009-44 (현수동),36.9936362519,127.2900510814,65000,2025-04-30,닭,20240208.0,
안성시,현풍농장,육계,17507.0,경기도 안성시 보개면 남풍길 15,경기도 안성시 보개면 남풍리 939번지,37.0782686,127.3091514,30000,2019-05-31,닭,20181129.0,
안성시,현풍농장,육계,17507.0,경기도 안성시 보개면 남풍길 15,경기도 안성시 보개면 남풍리 939번지,127.3091514,37.0782686,30000,2018-03-14,,,
안성시,형은농장,종계,17542.0,경기도 안성시 대덕면 무능리 309번지,경기도 안성시 대덕면 능말길 43-98,37.0491066559,127.2146726667,24200,2025-07-31,닭,20240208.0,
안성시,형은농장,육계,17542.0,경기도 안성시 대덕면 능말길 43-98,경기도 안성시 대덕면 무능리 309번지,37.0491066559,127.2146726667,24200,2021-09-30,닭,20210618.0,
안성시,혜림농장,산란계,17547.0,경기도 안성시 대덕면 신두만곡로 280-30,경기도 안성시 대덕면 죽리 680번지 1호,127.2047142,36.98589,45000,2018-09-30,,,
안성시,혜성농장,육계,17509.0,경기도 안성시 보개면 적가리 173번지,경기도 안성시 보개면 이전봉산길 29-46,37.0536326326,127.288187642,30000,2025-08-31,닭,20240208.0,
안성시,혜성농장,육계,17509.0,경기도 안성시 보개면 이전봉산길 29-46,경기도 안성시 보개면 적가리 173번지,127.2882885,37.0537668,30000,2018-03-14,,,
안성시,혜성농장,육계,17509.0,경기도 안성시 보개면 이전봉산길 29-46,경기도 안성시 보개면 적가리 173번지,37.0537668,127.2882885,30000,2020-04-30,닭,20181129.0,
안성시,혜성농장,육계,17509.0,경기도 안성시 보개면 이전봉산길 29-46,경기도 안성시 보개면 적가리 173번지,37.0536326326,127.288187642,30000,2021-07-31,닭,20210618.0,
안성시,호반농장,,17601.0,경기도 안성시 미양면 중앙배수1길 128-24,경기도 안성시 미양면 정동리 506번지 17호 외1필지(506-18),36.9783043,127.1985507,10500,2018-12-31,오리,,
안성시,호반농장,,17601.0,경기도 안성시 미양면 중앙배수1길 128-24,경기도 안성시 미양면 정동리 506번지 17호 외1필지(506-18),36.9782308769,127.1981737946,10500,2021-07-31,오리,20210618.0,
안성시,호야2농장,육계,17505.0,경기도 안성시 고삼면 윗갈미길 65,경기도 안성시 고삼면 대갈리 293번지 2호,37.072230475,127.2474123711,30000,2021-07-31,닭,20210618.0,
안성시,호야2농장,육계,17505.0,경기도 안성시 고삼면 윗갈미길 65,경기도 안성시 고삼면 대갈리 293번지 2호,37.0720687,127.2473244,30000,2020-07-31,닭,20181129.0,
안성시,호야2농장,육계,17505.0,경기도 안성시 고삼면 윗갈미길 65,경기도 안성시 고삼면 대갈리 293번지 2호,127.2473244,37.0720687,30000,2018-04-30,,,
안성시,호야2농장,육계,17505.0,경기도 안성시 고삼면 대갈리 293번지 2호,경기도 안성시 고삼면 윗갈미길 65,,,30000,2026-01-31,닭,20240208.0,
안성시,호야농장,육계,17505.0,경기도 안성시 고삼면 신창길 229-11,경기도 안성시 고삼면 대갈리 648번지 4호,127.2496211,37.0694329,70000,2018-04-30,,,
안성시,호야농장,육계,17505.0,경기도 안성시 고삼면 신창길 229-11,경기도 안성시 고삼면 대갈리 648번지 4호,37.0694329,127.2496211,70000,2020-11-30,닭,20181129.0,
안성시,호야농장,육계,17505.0,경기도 안성시 고삼면 신창길 229-11,경기도 안성시 고삼면 대갈리 648번지 4호,37.069495202,127.2498062711,70000,2021-11-30,닭,20210618.0,
안성시,호야농장,육계,17505.0,경기도 안성시 고삼면 대갈리 648번지 4호,경기도 안성시 고삼면 신창길 229-11,,,70000,2025-07-31,닭,20240208.0,
안성시,호일농장,육계,17598.0,,경기도 안성시 미양면 계륵리 산 28번지,36.985446317,127.2574367934,30900,2021-09-30,닭,20210618.0,
안성시,호일농장,종계,17598.0,경기도 안성시 미양면 계륵리 산 28번지,경기도 안성시 미양면 계륵리 산 28번지,36.985446317,127.2574367934,30900,2026-02-26,닭,20240208.0,
안성시,황아농장,오리,17604.0,경기도 안성시 미양면 강덕1길 96-11,경기도 안성시 미양면 강덕리 74번지,36.9557834274,127.227376879,25337,2021-06-30,오리,20210618.0,
안성시,효성1농장,육계,17507.0,경기도 안성시 보개면 이전봉산길 31-87,경기도 안성시 보개면 이전리 416번지 1호,127.2865933,37.0574112,60000,2018-04-30,,,
안성시,효성1농장,육계,17507.0,경기도 안성시 보개면 이전봉산길 31-87,경기도 안성시 보개면 이전리 416번지 1호,37.0574112,127.2865933,60000,2019-02-28,닭,20181129.0,
안성시,효성농장,육계,17507.0,경기도 안성시 보개면 이전봉산길 31-87,경기도 안성시 보개면 이전리 416번지 1호,37.0574342628,127.2868386321,47000,2021-07-31,닭,20210618.0,
안성시,효원농장,육계,17600.0,경기도 안성시 미양면 협동단지길 158-68,경기도 안성시 미양면 보체리 316번지 3호,127.238268,36.9650315,140000,2018-08-31,,,
안성시,효원농장,육계,17600.0,경기도 안성시 미양면 협동단지길 158-68,경기도 안성시 미양면 보체리 316번지 5호 외 7필지,127.2387717,36.9645259,140000,2018-08-31,,,
안성시,효원농장,육계,17600.0,경기도 안성시 미양면 협동단지길 158-68,경기도 안성시 미양면 보체리 316번지 3호,36.9650315,127.238268,140000,2019-07-31,닭,20181129.0,
안성시,효원농장,육계,17600.0,경기도 안성시 미양면 협동단지길 158-68,경기도 안성시 미양면 보체리 316번지 5호 외 7필지,36.9650315,127.238268,140000,2019-07-31,닭,20181129.0,
안성시,효원농장,육계,17600.0,경기도 안성시 미양면 협동단지길 158-68,경기도 안성시 미양면 보체리 316번지 3호,36.9649307817,127.2383646103,140000,2021-09-30,닭,20210618.0,
안성시,효원농장,육계,17600.0,경기도 안성시 미양면 협동단지길 158-68,경기도 안성시 미양면 보체리 316번지 5호 외 7필지,36.9649307817,127.2383646103,140000,2021-09-30,닭,20210618.0,
안성시,효원농장,육계,17600.0,경기도 안성시 미양면 보체리 316번지 5호 외 7필지,경기도 안성시 미양면 협동단지길 158-68,36.9649307817,127.2383646103,140000,2025-07-31,닭,20240208.0,
안성시,효원농장,육계,17600.0,경기도 안성시 미양면 보체리 316번지 3호,경기도 안성시 미양면 협동단지길 158-68,,,140000,2025-07-31,닭,20240208.0,
안성시,흥안농장,육계,17527.0,경기도 안성시 일죽면 노동길 73,경기도 안성시 일죽면 능국리 674번지,37.1127393,127.4883479,32000,2019-02-28,닭,20181129.0,
안성시,흥안농장,육계,17527.0,경기도 안성시 일죽면 노동길 73,경기도 안성시 일죽면 능국리 674번지,37.1128017285,127.4883504568,32000,2021-09-30,닭,20210618.0,
안성시,흥안농장,육계,17527.0,경기도 안성시 일죽면 노동길 73,경기도 안성시 일죽면 능국리 674번지,127.4883479,37.1127393,32000,2018-08-31,,,
안성시,희영농장,오리,17515.0,경기도 안성시 삼죽면 기솔리 436번지 외 1필지(437),경기도 안성시 삼죽면 기솔리 436번지 외 1필지(437),37.0407737381,127.3429463956,6000,2026-02-26,오리,20240208.0,
안성시,희영농장,,17515.0,,경기도 안성시 삼죽면 기솔리 436번지 외 1필지(437),37.0407737381,127.3429463956,6000,2026-02-26,오리,20240208.0,
안성시,희영농장,오리,17508.0,경기도 안성시 보개면 상삼리 871번지 6호,경기도 안성시 보개면 가래미길 92-6,,,7500,2026-02-26,오리,20240208.0,
안성시,희영농장,,17515.0,경기도 안성시 삼죽면 국사봉로 212-16 (외 1필지(440-2)),경기도 안성시 삼죽면 기솔리 440번지 1호 외 1필지(440-2),37.0410239828,127.3417601432,6000,2021-09-30,오리,20210618.0,
안성시,희영농장,,17508.0,경기도 안성시 보개면 가래미길 92-6,경기도 안성시 보개면 상삼리 871번지 6호,37.0285932416,127.3288225519,7500,2026-01-31,오리,20240208.0,
안성시,희영농장,,17515.0,경기도 안성시 삼죽면 국사봉로 212-16 (외 1필지(440-2)),경기도 안성시 삼죽면 기솔리 440번지 1호 외 1필지(440-2),37.0409937,127.341621,6000,2020-11-30,오리,20181129.0,
안성시,희영농장,,17515.0,,경기도 안성시 삼죽면 기솔리 436번지 외 1필지(437),37.0407736,127.3429801,6000,2020-07-31,오리,20181129.0,
안성시,희영농장,,17508.0,,경기도 안성시 보개면 상삼리 871번지 6호,37.0285767,127.3289001,5000,2020-07-31,오리,20181129.0,
안성시,희영농장,,17515.0,,경기도 안성시 삼죽면 기솔리 436번지 외 1필지(437),37.0407736414,127.342980116,6000,2021-09-30,오리,20210618.0,
