축산업종류,사업장명칭,주사육업종,사업장소재지,사육두수,데이터기준일자
가축사육업,계상농장,오리,전라북도 부안군 행안면 대초리 875번지 1호  ,14000,2022-12-05
가축사육업,민재농장,오리,"전라북도 부안군 계화면 양산리 2452번지 7호 외3필지(2452-8,9, 2453-9) ",45000,2022-12-05
가축사육업,청솔농장,오리,전라북도 부안군 주산면 사산리 1204번지 3호 외 1필(1204-4) ,15000,2022-12-05
가축사육업,평화농장,육계,전라북도 부안군 보안면 남포리 472번지  ,58000,2022-12-05
가축사육업,유정농장,육계,전라북도 부안군 상서면 감교리 803번지  ,90000,2022-12-05
가축사육업,우슬재 황토촌,육계,전라북도 부안군 상서면 통정리 690번지  ,30000,2022-12-05
가축사육업,김을식양계장,육계,전라북도 부안군 줄포면 장동리 산 138번지 1호 외 2필지 ,35000,2022-12-05
가축사육업,동송농장,오리,전라북도 부안군 줄포면 장동리 575번지 3호 외 7필 ,12000,2022-12-05
가축사육업,난산육계농장,육계,전라북도 부안군 줄포면 난산리 714번지 6호  ,27500,2022-12-05
가축사육업,정인농장,오리,전라북도 부안군 줄포면 신리 747번지 외 6필지 ,56000,2022-12-05
가축사육업,노병옥농장,오리,전라북도 부안군 보안면 영전리 188번지 1호  ,12650,2022-12-05
가축사육업,신흥농장,육계,전라북도 부안군 부안읍 신흥리 산 82번지 1호  ,20000,2022-12-05
가축사육업,천애농장,오리,전라북도 부안군 계화면 양산리 2458번지 3호  ,10000,2022-12-05
가축사육업,명진농장,오리,전라북도 부안군 줄포면 장동리 189번지 3호  ,28000,2022-12-05
가축사육업,팜렛잇고,육계,전라북도 부안군 부안읍 내요리 194번지 1호 외 2필(191. 1943) ,100000,2022-12-05
가축사육업,대동농장,육계,"전라북도 부안군 줄포면 대동리 659번지 3호 2필지(659-7, -8) ",95000,2022-12-05
가축사육업,신원식농장,오리,전라북도 부안군 줄포면 파산리 248번지  ,6000,2022-12-05
가축사육업,석불산토종닭 농장,육계,전라북도 부안군 하서면 언독리 1077번지 13호  ,25000,2022-12-05
가축사육업,연정농장,육계,"전라북도 부안군 줄포면 장동리 41번지 16호 외 2필(51-35, 51-54) ",70000,2022-12-05
가축사육업,장수농장,육계,전라북도 부안군 줄포면 줄포리 40번지 30호 외 1필지(31-22) ,45000,2022-12-05
가축사육업,상운농장,육계,전라북도 부안군 보안면 월천리 830번지  ,60000,2022-12-05
가축사육업,윤봉길양계장,육계,전라북도 부안군 줄포면 신리 109번지  ,30000,2022-12-05
가축사육업,김인수농장,오리,전라북도 부안군 줄포면 우포리 496번지 1호  ,10028,2022-12-05
가축사육업,햇빛농장,육계,전라북도 부안군 줄포면 파산리 769번지 6호  ,46500,2022-12-05
가축사육업,줄포농장,오리,전라북도 부안군 줄포면 우포리 46번지  ,10000,2022-12-05
가축사육업,신금섭농장,오리,전라북도 부안군 줄포면 우포리 54번지  ,10000,2022-12-05
가축사육업,거령농장,육계,전라북도 부안군 백산면 하청리 529번지 2호  ,54000,2022-12-05
가축사육업,남포농장,육계,전라북도 부안군 보안면 남포리 468번지  ,75000,2022-12-05
가축사육업,줄포대성농장,육계,전라북도 부안군 줄포면 장동리 84번지 14호  ,80000,2022-12-05
가축사육업,해와달농장,오리,전라북도 부안군 줄포면 대동리 517번지 2호 외 3필 ,13000,2022-12-05
가축사육업,미운오리농장,오리,전라북도 부안군 줄포면 난산리 706번지 39호 외 1필(706-40) ,20000,2022-12-05
가축사육업,동촌 농장,육계,전라북도 부안군 하서면 청호리 657번지 1호  ,1000,2022-12-05
가축사육업,상운농장,육계,전라북도 부안군 보안면 월천리 830번지 외 9필 ,60000,2022-12-05
가축사육업,해바라기농장,오리,"전라북도 부안군 줄포면 줄포리 36번지 15호 외 2필지 34-1, 36-20) ",20000,2022-12-05
가축사육업,만해농장,육계,전라북도 부안군 보안면 남포리 597번지 1호  ,25000,2022-12-05
가축사육업,연중농장,오리,전라북도 부안군 줄포면 대동리 639번지 8호  ,10000,2022-12-05
가축사육업,천금오리농장,오리,전라북도 부안군 줄포면 파산리 483번지 3호  ,14000,2022-12-05
가축사육업,김종열농장,육계,전라북도 부안군 동진면 증산리 102번지 5호  ,5000,2022-12-05
가축사육업,일월성농장,오리,전라북도 부안군 줄포면 파산리 583번지 2호 외 2필지 ,17000,2022-12-05
가축사육업,해피덕농장,오리,전라북도 부안군 줄포면 신리 352번지 47호  ,10000,2022-12-05
가축사육업,금순이농장,오리,전라북도 부안군 줄포면 줄포리 864번지 865번지 ,6000,2022-12-05
가축사육업,제일농장,오리,"전라북도 부안군 줄포면 파산리 234번지 233,239,240,241-1 ",18000,2022-12-05
가축사육업,부광농장,오리,"전라북도 부안군 백산면 하청리 611번지 611-1,2,3 ",17000,2022-12-05
가축사육업,용출농장,육계,전라북도 부안군 백산면 거룡리 652번지  ,60,2022-12-05
가축사육업,형제축산,육계,전라북도 부안군 백산면 평교리 873번지  ,40000,2022-12-05
가축사육업,드림농장,육계,전라북도 부안군 주산면 돈계리 739번지 외 1필 ,75000,2022-12-05
가축사육업,신지농장,오리,전라북도 부안군 하서면 언독리 386번지 4호  ,40000,2022-12-05
가축사육업,노병옥농장,오리,전라북도 부안군 줄포면 신리 775번지 59호 외 5필지 ,22000,2022-12-05
가축사육업,소금애피농장,오리,전라북도 부안군 줄포면 장동리 200번지 외 7필지 ,8000,2022-12-05
가축사육업,예동농장,육계,전라북도 부안군 주산면 백석리 407번지 17호  ,60000,2022-12-05
가축사육업,금복주농장,육용오리,전라북도 부안군 주산면 백석리 51번지 8호 8-13동 ,20000,2022-12-05
가축사육업,도담농장,오리,"전라북도 부안군 줄포면 신리 923번지 외 4필지(923-1, -2, -3, -4) ",24000,2022-12-05
가축사육업,용호농장,오리,전라북도 부안군 줄포면 우포리 53번지 3호  ,1200,2022-12-05
가축사육업,정상농장,오리,전라북도 부안군 줄포면 신리  ,10000,2022-12-05
가축사육업,지영농장(2농장),육계,전라북도 부안군 동진면 동전리 1441번지 1442 ,90000,2022-12-05
가축사육업,오리와사람들,오리,"전라북도 부안군 계화면 양산리 2459번지 1호 외 3필지 2459-2, 2458-3, -4 ",50000,2022-12-05
가축사육업,대원농산,오리,전라북도 부안군 계화면 의복리 1721번지 외 1필(1721-1) ,18000,2022-12-05
가축사육업,대원농산,오리,전라북도 부안군 계화면 의복리 1719번지 외 1필지 (1720) ,18000,2022-12-05
가축사육업,산지농장,육계,전라북도 부안군 보안면 월천리 993번지 11호  ,75000,2022-12-05
가축사육업,김산농장,육계,"전라북도 부안군 주산면 돈계리 773번지 1호 773-2,  773-3 ",140000,2022-12-05
가축사육업,아낙네오리농장,오리,전라북도 부안군 주산면 사산리 1205번지 5호  ,22000,2022-12-05
가축사육업,은성농장,육계,전라북도 부안군 주산면 사산리 4번지 외 5필 ,65000,2022-12-05
가축사육업,뽕이랑 귀농이랑,육계,전라북도 부안군 하서면 장신리 498번지 1호  ,1000,2022-12-05
가축사육업,승원농장,오리,전라북도 부안군 줄포면 신리 728번지 외 1필지(727번지) ,7000,2022-12-05
가축사육업,푸른농장,오리,전라북도 부안군 백산면 하청리 415번지 8호  ,8000,2022-12-05
가축사육업,종계백산,종계/산란계,전라북도 부안군 백산면 하청리 483번지 6호 외 6필지 ,60000,2022-12-05
가축사육업,태양농장,오리,"전라북도 부안군 줄포면 우포리 593번지 3호 외5필지(593-4,5,6,7,8) ",40000,2022-12-05
가축사육업,정숙농장,오리,전라북도 부안군 줄포면 파산리 810-4번지(2.3번지) ,10000,2022-12-05
가축사육업,태복농장,오리,전라북도 부안군 보안면 하입석리 475번지 1호  ,10000,2022-12-05
가축사육업,금판오리 농장,오리,"전라북도 부안군 백산면 금판리 817번지 1호 외 3필지(817-3, 4, 802-11) ",62000,2022-12-05
가축사육업,청호농장,오리,전라북도 부안군 계화면 의복리 1732번지 외 1필지(1731-2) ,30000,2022-12-05
가축사육업,유병채농장,오리,전라북도 부안군 계화면 양산리 2563번지 7호 외 1필 ,17000,2022-12-05
가축사육업,SG팜,육계,전라북도 부안군 동진면 동전리 1438번지  ,70000,2022-12-05
가축사육업,여월지향농장,오리,전라북도 부안군 상서면 용서리 723번지 6호 외 1필(723-5) ,20000,2022-12-05
가축사육업,미소농장,육계,전라북도 부안군 보안면 하입석리 1번지 29호  ,70000,2022-12-05
가축사육업,장등농장,오리,"전라북도 부안군 동진면 동전리 2561번지 2562,2562-1 ",10000,2022-12-05
가축사육업,소망농장,오리,"전라북도 부안군 주산면 사산리 1207번지 7호 1207-6,1207-5 ",15000,2022-12-05
가축사육업,김철수농장,오리,전라북도 부안군 동진면 동전리 1430번지 1431 ,14000,2022-12-05
가축사육업,창북농장,오리,전라북도 부안군 계화면 창북리 4515번지 6호 4515-7 ,16000,2022-12-05
가축사육업,소망농장,오리,전라북도 부안군 동진면 동전리 1734번지 1735 ,15000,2022-12-05
가축사육업,행복농장,오리,"전라북도 부안군 동진면 동전리 1737번지 외 2필지(1735-1, 1736) ",0,2022-12-05
가축사육업,승리농장,오리,전라북도 부안군 줄포면 장동리 61번지 12호  ,10000,2022-12-05
가축사육업,늘봄농장,육계,전라북도 부안군 상서면 고잔리 515번지 2호  ,65000,2022-12-05
가축사육업,원농장,육계,전라북도 부안군 상서면 고잔리 515번지 4호  ,65000,2022-12-05
가축사육업,성하농장,육계,전라북도 부안군 줄포면 파산리 811번지  ,76000,2022-12-05
가축사육업,이기석농장,육계,전라북도 부안군 행안면 대초리 1037번지 3호  ,60000,2022-12-05
가축사육업,천우농장,육계,"전라북도 부안군 계화면 궁안리 1064번지 1065,1065-1 ",100000,2022-12-05
가축사육업,상우농장,육계,전라북도 부안군 백산면 대죽리 869번지 8호 외 1필(869-13) ,80000,2022-12-05
가축사육업,김명수농장,육계,전라북도 부안군 줄포면 파산리 810번지 5호  ,100000,2022-12-05
가축사육업,다산농장,육계,"전라북도 부안군 보안면 상입석리 631번지 1호 631-2, 631-3, 632-16 ",90000,2022-12-05
가축사육업,산돌농원(제2농장),육계,전라북도 부안군 주산면 사산리 609번지 11호 609-20 ,67000,2022-12-05
가축사육업,더불어참,육계,전라북도 부안군 동진면 안성리 1844번지 10호  ,100000,2022-12-05
가축사육업,강산자연농장,육계,전라북도 부안군 동진면 안성리 1855번지 5호 1855-6 ,70000,2022-12-05
가축사육업,선들농장,육계,전라북도 부안군 보안면 상입석리 937번지  ,88000,2022-12-05
가축사육업,기충열농장,육계,전라북도 부안군 백산면 대죽리 862번지 15호 862-16 ,80000,2022-12-05
가축사육업,신성농장,육계,전라북도 부안군 줄포면 파산리 809번지 10호 외 2필 ,95000,2022-12-05
가축사육업,가온농장,육계,전라북도 부안군 행안면 삼간리 2342번지 1호  ,130000,2022-12-05
가축사육업,성일농장,육계,전라북도 부안군 행안면 삼간리 2342번지 9호  ,0,2022-12-05
가축사육업,예근농장,육계,전라북도 부안군 줄포면 우포리 624번지 2호 624-4 ,70000,2022-12-05
가축사육업,해금농장,육계,"전라북도 부안군 상서면 고잔리 510번지 1호 , 510-8 ",100000,2022-12-05
가축사육업,대명농장,오리,전라북도 부안군 계화면 창북리 4466번지 14호  ,10000,2022-12-05
가축사육업,해드림농장,육계,전라북도 부안군 계화면 양산리 2457번지 8호 외 1필지(2457-9) ,80000,2022-12-05
가축사육업,한울농장,육계,전라북도 부안군 동진면 안성리 1852번지 6호 외 1필 ,98000,2022-12-05
가축사육업,성혁농장,육계,"전라북도 부안군 백산면 죽림리 784번지 외 2필지(783, 783-1번지) ",80000,2022-12-05
가축사육업,예솔농장,육계,전라북도 부안군 부안읍 외하리 574번지 외1필지(575) ,80000,2022-12-05
가축사육업,새한농장,메추리,전라북도 부안군 백산면 대죽리 364번지 6호 외1필지(364-18) ,140000,2022-12-05
가축사육업,신원농장,육계,"전라북도 부안군 백산면 죽림리 785번지 외 2필지(786,786-1) ",90000,2022-12-05
가축사육업,예은농장,육계,"전라북도 부안군 줄포면 대동리 1209번지 2호 외3필지(1209-3, -4, -5) ",112800,2022-12-05
가축사육업,해피마실농장,오리,전라북도 부안군 동진면 동전리 2588번지 1호 외 1필지(2589) ,13000,2022-12-05
가축사육업,행안농장,육계,전라북도 부안군 행안면 삼간리 2344번지 2호  ,85000,2022-12-05
가축사육업,청호축산,육계,전라북도 부안군 행안면 삼간리 2345번지 7호  ,80000,2022-12-05
가축사육업,농업회사법인가농유한회사 계화농장,육계,전라북도 부안군 계화면 창북리 4225번지 1호 외 3필 ,504000,2022-12-05
가축사육업,정영농장,육계,    ,120000,2022-12-05
가축사육업,해오름농장,육계,전라북도 부안군 계화면 창북리 4239번지 1호  ,98000,2022-12-05
가축사육업,금산농장,육계,전라북도 부안군 계화면 창북리 4239번지 5호  ,120000,2022-12-05
가축사육업,더불어 참살이,육계,전라북도 부안군 동진면 안성리 1853번지 1호  ,50000,2022-12-05
가축사육업,금판리농장,오리,전라북도 부안군 백산면 금판리 817-3번지 외 1필(817-4) ,0,2022-12-05
가축사육업,진성농장,육용오리,전라북도 부안군 주산면 백석리 51번지 8호 1-7동 ,25000,2022-12-05
가축사육업,누리농장,육계,전라북도 부안군 계화면 양산리 2457번지 4호  ,50000,2022-12-05
가축사육업,누리농장,육계,전라북도 부안군 계화면 양산리 2457번지 5호  ,50000,2022-12-05
가축사육업,욱이농장,오리,전라북도 부안군 계화면 창북리 4455-13 ,0,2022-12-05
가축사육업,모리아팜,오리,전라북도 부안군 줄포면 장동리 862번지 3호  ,29500,2022-12-05
가축사육업,반계농장,종계/산란계,전라북도 부안군 진서면 진서리 80번지  ,80,2022-12-05
가축사육업,보담농장,육계,전라북도 부안군 동진면 안성리 1852번지 2호  ,60000,2022-12-05
가축사육업,도담농장,육계,전라북도 부안군 동진면 안성리 1852번지 3호  ,60000,2022-12-05
가축사육업,대명농장2,육계,전라북도 부안군 계화면 창북리 4466번지 12호  ,60000,2022-12-05
가축사육업,소담농장,육계,전라북도 부안군 동진면 안성리 1852번지 7호  ,60000,2022-12-05
가축사육업,마루농장,육계,전라북도 부안군 동진면 안성리 1852번지 8호  ,60000,2022-12-05
가축사육업,아람농장,육계,전라북도 부안군 동진면 안성리 1852번지 9호  ,40000,2022-12-05
가축사육업,부안 기러기 농장,기러기,전라북도 부안군 행안면 삼간리 479번지 1호  ,1500,2022-12-05
가축사육업,오리농장,오리,전라북도 부안군 줄포면 난산리 878번지  ,20000,2022-12-05
가축사육업,부안농장,육계,전라북도 부안군 보안면 상입석리 574번지 1호  ,65000,2022-12-05
가축사육업,이삭농장,육계,전라북도 부안군 부안읍 외하리 565번지  ,50000,2022-12-05
가축사육업,창북농장,육계,전라북도 부안군 계화면 창북리 4007번지 2호  ,20000,2022-12-05
가축사육업,창북농장,육계,전라북도 부안군 계화면 창북리 4007번지 1호  ,50000,2022-12-05
가축사육업,현덕농장,육계,전라북도 부안군 계화면 궁안리 2409번지 4호  ,20000,2022-12-05
가축사육업,탑농장,육계,전라북도 부안군 계화면 궁안리 2403번지 15호  ,80000,2022-12-05
가축사육업,햇살농장,육계,전라북도 부안군 계화면 궁안리 2367번지 2호  ,60000,2022-12-05
가축사육업,동암농장,육계,전라북도 부안군 계화면 궁안리 2409번지 8호  ,120000,2022-12-05
가축사육업,유정농장,육계,전라북도 부안군 동진면 안성리 1845번지 3호  ,60000,2022-12-05
가축사육업,후다닭농장,육계,전라북도 부안군 계화면 궁안리 2327번지 6호 외 1필지 ,50000,2022-12-05
가축사육업,부안 기러기 농장2,기러기,전라북도 부안군 부안읍 내요리 55번지  ,1000,2022-12-05
가축사육업,에덴농장,육계,전라북도 부안군 행안면 대초리 1005번지 9호  ,60000,2022-12-05
가축사육업,산돌농원(제1농장),육계,전라북도 부안군 주산면 사산리 609번지 11호  ,67000,2022-12-05
가축사육업,나래농장2,육계,전라북도 부안군 계화면 양산리 2535번지 6호  ,62000,2022-12-05
가축사육업,나래1농장,육계,전라북도 부안군 계화면 양산리 2535번지 3호  ,64000,2022-12-05
가축사육업,나봄2농장,육계,전라북도 부안군 계화면 양산리 2535번지 5호  ,64000,2022-12-05
가축사육업,나봄1농장,육계,전라북도 부안군 계화면 양산리 2535번지 1호  ,74000,2022-12-05
가축사육업,유림농장,육계,전라북도 부안군 동진면 안성리 1845번지 2호  ,60000,2022-12-05
가축사육업,봉황타조농장,타조,전라북도 부안군 줄포면 파산리 446번지  ,39,2022-12-05
가축사육업,동산농장,육계,전라북도 부안군 행안면 대초리 1005번지 6호  ,65000,2022-12-05
종축업,별이,종계업,전라북도 부안군 상서면 감교리 807번지 12호  ,22000,2022-12-05
종축업,골든,종계업,전라북도 부안군 진서면 진서리 63번지 4호  ,22000,2022-12-05
종축업,월광농장,종계업,전라북도 부안군 보안면 월천리 995번지 1호  ,18000,2022-12-05
종축업,부안양계영농조합법인,종계업,전라북도 부안군 주산면 백석리 425번지 15호  ,88000,2022-12-05
종축업,성룡농장,종계업,전라북도 부안군 보안면 월천리 274번지  ,6600,2022-12-05
종축업,백산농장,종계업,전라북도 부안군 백산면 하청리 483번지 6호  ,64000,2022-12-05
종축업,보경농장,종계업,전라북도 부안군 보안면 부곡리 86번지 1호 외 6필지 ,28500,2022-12-05
종축업,신흥농장,종계업,전라북도 부안군 부안읍 신흥리 279번지 22호 외 10필 ,22000,2022-12-05
종축업,갑도농장,종계업,전라북도 부안군 진서면 진서리 63번지 1호  ,51900,2022-12-05
종축업,서원농장,종계업,"전라북도 부안군 보안면 상림리 219번지 1호 외 3필(219-2, 219-3, 532) ",29000,2022-12-05
종축업,가농보안농장,종계업,전라북도 부안군 보안면 월천리 1011번지 외 2필 ,110000,2022-12-05
종축업,평교 종계장,종계업,전라북도 부안군 부안읍 신흥리 산 82번지 1호  ,14000,2022-12-05
종축업,다산2농장,종오리업,전라북도 부안군 진서면 진서리 1273번지 5호  ,5500,2022-12-05
종축업,다산1농장,종오리업,전라북도 부안군 진서면 진서리 1273번지 6호  ,5500,2022-12-05
종축업,증산농장,종계업,전라북도 부안군 동진면 증산리 85번지 1호 증산농장 ,31000,2022-12-05
종축업,진서1농장,종오리업,전라북도 부안군 진서면 운호리 238번지 11호 진서종계장 ,10800,2022-12-05
종축업,진서2농장,종오리업,전라북도 부안군 진서면 운호리 238번지 11호 진서종계장 ,7800,2022-12-05
